ISO-10303-21;
HEADER;
/* Generated by software containing ST-Developer
 * from STEP Tools, Inc. (www.steptools.com) 
 */
/* OPTION: using custom renumber hook */

FILE_DESCRIPTION(
/* description */ ('STEP AP214'),
/* implementation_level */ '2;1');

FILE_NAME(
/* name */ 'AB11AH-HC',
/* time_stamp */ '2025-02-27T09:34:18+01:00',
/* author */ ('License CC BY-ND 4.0'),
/* organization */ ('CADENAS'),
/* preprocessor_version */ 'ST-DEVELOPER v19.3',
/* originating_system */ 'PARTsolutions',
/* authorisation */ '  ');

FILE_SCHEMA (('AUTOMOTIVE_DESIGN {1 0 10303 214 3 1 1}'));
ENDSEC;

DATA;
#10=PROPERTY_DEFINITION_REPRESENTATION(#14,#12);
#11=PROPERTY_DEFINITION_REPRESENTATION(#15,#13);
#12=REPRESENTATION('',(#16),#5874);
#13=REPRESENTATION('',(#17),#5874);
#14=PROPERTY_DEFINITION('pmi validation property','',#5892);
#15=PROPERTY_DEFINITION('pmi validation property','',#5892);
#16=VALUE_REPRESENTATION_ITEM('number of annotations',COUNT_MEASURE(0.));
#17=VALUE_REPRESENTATION_ITEM('number of views',COUNT_MEASURE(0.));
#18=TOROIDAL_SURFACE('',#3884,0.024,0.012);
#19=TOROIDAL_SURFACE('',#3891,0.024,0.012);
#20=CYLINDRICAL_SURFACE('',#3704,0.055);
#21=CYLINDRICAL_SURFACE('',#3712,0.1475);
#22=CYLINDRICAL_SURFACE('',#3716,0.055);
#23=CYLINDRICAL_SURFACE('',#3735,0.00500000000000001);
#24=CYLINDRICAL_SURFACE('',#3752,0.00599999999999995);
#25=CYLINDRICAL_SURFACE('',#3754,0.00599999999999998);
#26=CYLINDRICAL_SURFACE('',#3756,0.00599999999999998);
#27=CYLINDRICAL_SURFACE('',#3758,0.00599999999999998);
#28=CYLINDRICAL_SURFACE('',#3760,0.00599999999999997);
#29=CYLINDRICAL_SURFACE('',#3762,0.00599999999999997);
#30=CYLINDRICAL_SURFACE('',#3767,0.00599999999999998);
#31=CYLINDRICAL_SURFACE('',#3772,0.00599999999999995);
#32=CYLINDRICAL_SURFACE('',#3784,0.0375);
#33=CYLINDRICAL_SURFACE('',#3785,0.0375);
#34=CYLINDRICAL_SURFACE('',#3795,0.005);
#35=CYLINDRICAL_SURFACE('',#3803,0.00500000000000001);
#36=CYLINDRICAL_SURFACE('',#3813,0.00999999999999997);
#37=CYLINDRICAL_SURFACE('',#3814,0.00999999999999996);
#38=CYLINDRICAL_SURFACE('',#3817,0.00999999999999996);
#39=CYLINDRICAL_SURFACE('',#3818,0.00999999999999997);
#40=CYLINDRICAL_SURFACE('',#3819,0.00400000000000133);
#41=CYLINDRICAL_SURFACE('',#3822,0.0955249999999996);
#42=CYLINDRICAL_SURFACE('',#3825,0.00400000000000127);
#43=CYLINDRICAL_SURFACE('',#3832,0.00399999999999994);
#44=CYLINDRICAL_SURFACE('',#3835,0.0955249999999999);
#45=CYLINDRICAL_SURFACE('',#3838,0.00400000000000023);
#46=CYLINDRICAL_SURFACE('',#3861,0.00400000000000003);
#47=CYLINDRICAL_SURFACE('',#3862,0.0955249999999998);
#48=CYLINDRICAL_SURFACE('',#3863,0.0040000000000004);
#49=CYLINDRICAL_SURFACE('',#3868,0.00399999999999957);
#50=CYLINDRICAL_SURFACE('',#3869,0.0955249999999997);
#51=CYLINDRICAL_SURFACE('',#3870,0.00400000000000105);
#52=CYLINDRICAL_SURFACE('',#3871,0.014);
#53=CYLINDRICAL_SURFACE('',#3872,0.014);
#54=CYLINDRICAL_SURFACE('',#3882,0.012);
#55=CYLINDRICAL_SURFACE('',#3886,0.012);
#56=CYLINDRICAL_SURFACE('',#3889,0.012);
#57=CYLINDRICAL_SURFACE('',#3893,0.012);
#58=CONICAL_SURFACE('',#3702,0.05,0.785398163397447);
#59=CONICAL_SURFACE('',#3710,0.1425,0.785398163397448);
#60=CONICAL_SURFACE('',#3718,0.055,0.785398163397446);
#61=CIRCLE('',#3701,0.05);
#62=CIRCLE('',#3703,0.055);
#63=CIRCLE('',#3705,0.055);
#64=CIRCLE('',#3709,0.1425);
#65=CIRCLE('',#3711,0.1475);
#66=CIRCLE('',#3713,0.1475);
#67=CIRCLE('',#3715,0.055);
#68=CIRCLE('',#3717,0.055);
#69=CIRCLE('',#3719,0.05);
#70=CIRCLE('',#3723,0.00599999999999998);
#71=CIRCLE('',#3724,0.00599999999999995);
#72=CIRCLE('',#3726,0.00599999999999997);
#73=CIRCLE('',#3727,0.00599999999999998);
#74=CIRCLE('',#3729,0.00599999999999998);
#75=CIRCLE('',#3730,0.00599999999999997);
#76=CIRCLE('',#3732,0.00599999999999995);
#77=CIRCLE('',#3733,0.00599999999999998);
#78=CIRCLE('',#3736,0.00500000000000001);
#79=CIRCLE('',#3737,0.00500000000000001);
#80=CIRCLE('',#3741,0.00999999999999997);
#81=CIRCLE('',#3742,0.00999999999999996);
#82=CIRCLE('',#3744,0.00999999999999997);
#83=CIRCLE('',#3745,0.00999999999999996);
#84=CIRCLE('',#3747,0.00999999999999997);
#85=CIRCLE('',#3748,0.00999999999999996);
#86=CIRCLE('',#3750,0.00999999999999997);
#87=CIRCLE('',#3751,0.00999999999999996);
#88=CIRCLE('',#3753,0.00599999999999995);
#89=CIRCLE('',#3755,0.00599999999999998);
#90=CIRCLE('',#3757,0.00599999999999998);
#91=CIRCLE('',#3759,0.00599999999999998);
#92=CIRCLE('',#3761,0.00599999999999997);
#93=CIRCLE('',#3763,0.00599999999999997);
#94=CIRCLE('',#3765,0.0375);
#95=CIRCLE('',#3766,0.0375);
#96=CIRCLE('',#3768,0.00599999999999998);
#97=CIRCLE('',#3770,0.0375);
#98=CIRCLE('',#3771,0.0375);
#99=CIRCLE('',#3773,0.00599999999999995);
#100=CIRCLE('',#3796,0.005);
#101=CIRCLE('',#3797,0.005);
#102=CIRCLE('',#3804,0.00500000000000001);
#103=CIRCLE('',#3805,0.00500000000000001);
#104=CIRCLE('',#3820,0.00400000000000133);
#105=CIRCLE('',#3821,0.00400000000000133);
#106=CIRCLE('',#3823,0.0955249999999996);
#107=CIRCLE('',#3824,0.0955249999999996);
#108=CIRCLE('',#3826,0.00400000000000127);
#109=CIRCLE('',#3827,0.00400000000000127);
#110=CIRCLE('',#3829,0.014);
#111=CIRCLE('',#3831,0.014);
#112=CIRCLE('',#3833,0.00399999999999994);
#113=CIRCLE('',#3834,0.00399999999999994);
#114=CIRCLE('',#3836,0.0955249999999999);
#115=CIRCLE('',#3837,0.0955249999999999);
#116=CIRCLE('',#3839,0.00400000000000023);
#117=CIRCLE('',#3840,0.00400000000000023);
#118=CIRCLE('',#3847,0.0040000000000004);
#119=CIRCLE('',#3848,0.0955249999999998);
#120=CIRCLE('',#3849,0.00400000000000003);
#121=CIRCLE('',#3850,0.00400000000000105);
#122=CIRCLE('',#3851,0.0955249999999997);
#123=CIRCLE('',#3852,0.00399999999999957);
#124=CIRCLE('',#3854,0.00399999999999957);
#125=CIRCLE('',#3855,0.0955249999999997);
#126=CIRCLE('',#3856,0.00400000000000105);
#127=CIRCLE('',#3857,0.00400000000000003);
#128=CIRCLE('',#3858,0.0955249999999998);
#129=CIRCLE('',#3859,0.0040000000000004);
#130=CIRCLE('',#3865,0.014);
#131=CIRCLE('',#3867,0.014);
#132=CIRCLE('',#3880,0.012);
#133=CIRCLE('',#3881,0.012);
#134=CIRCLE('',#3883,0.012);
#135=CIRCLE('',#3885,0.012);
#136=CIRCLE('',#3887,0.012);
#137=CIRCLE('',#3890,0.012);
#138=CIRCLE('',#3892,0.012);
#139=CIRCLE('',#3894,0.012);
#140=DRAUGHTING_PRE_DEFINED_COLOUR('white');
#141=DRAUGHTING_PRE_DEFINED_COLOUR('red');
#142=CONTEXT_DEPENDENT_SHAPE_REPRESENTATION(#152,#5894);
#143=CONTEXT_DEPENDENT_SHAPE_REPRESENTATION(#153,#5896);
#144=CONTEXT_DEPENDENT_SHAPE_REPRESENTATION(#154,#5898);
#145=CONTEXT_DEPENDENT_SHAPE_REPRESENTATION(#155,#5900);
#146=CONTEXT_DEPENDENT_SHAPE_REPRESENTATION(#156,#5902);
#147=NEXT_ASSEMBLY_USAGE_OCCURRENCE('NAUO1','AB11H-body','AB11H-body',#5903,
#5904,'');
#148=NEXT_ASSEMBLY_USAGE_OCCURRENCE('NAUO2','AB11A-plungers',
'AB11A-plungers',#5903,#5905,'');
#149=NEXT_ASSEMBLY_USAGE_OCCURRENCE('NAUO3','AB1AP-HC-caps',
'AB1AP-HC-caps',#5903,#5906,'');
#150=NEXT_ASSEMBLY_USAGE_OCCURRENCE('NAUO4','AB1H-bracket_ra',
'AB1H-bracket_ra',#5903,#5907,'');
#151=NEXT_ASSEMBLY_USAGE_OCCURRENCE('NAUO5','AB11H-terminals',
'AB11H-terminals',#5903,#5908,'');
#152=(
REPRESENTATION_RELATIONSHIP(' ',' ',#3619,#3618)
REPRESENTATION_RELATIONSHIP_WITH_TRANSFORMATION(#157)
SHAPE_REPRESENTATION_RELATIONSHIP()
);
#153=(
REPRESENTATION_RELATIONSHIP(' ',' ',#3620,#3618)
REPRESENTATION_RELATIONSHIP_WITH_TRANSFORMATION(#158)
SHAPE_REPRESENTATION_RELATIONSHIP()
);
#154=(
REPRESENTATION_RELATIONSHIP(' ',' ',#3621,#3618)
REPRESENTATION_RELATIONSHIP_WITH_TRANSFORMATION(#159)
SHAPE_REPRESENTATION_RELATIONSHIP()
);
#155=(
REPRESENTATION_RELATIONSHIP(' ',' ',#3622,#3618)
REPRESENTATION_RELATIONSHIP_WITH_TRANSFORMATION(#160)
SHAPE_REPRESENTATION_RELATIONSHIP()
);
#156=(
REPRESENTATION_RELATIONSHIP(' ',' ',#3623,#3618)
REPRESENTATION_RELATIONSHIP_WITH_TRANSFORMATION(#161)
SHAPE_REPRESENTATION_RELATIONSHIP()
);
#157=ITEM_DEFINED_TRANSFORMATION(' ',' ',#3624,#3699);
#158=ITEM_DEFINED_TRANSFORMATION(' ',' ',#3624,#3707);
#159=ITEM_DEFINED_TRANSFORMATION(' ',' ',#3624,#3721);
#160=ITEM_DEFINED_TRANSFORMATION(' ',' ',#3624,#3873);
#161=ITEM_DEFINED_TRANSFORMATION(' ',' ',#3624,#3896);
#162=SHAPE_REPRESENTATION_RELATIONSHIP('','',#3619,#167);
#163=SHAPE_REPRESENTATION_RELATIONSHIP('','',#3620,#168);
#164=SHAPE_REPRESENTATION_RELATIONSHIP('','',#3621,#169);
#165=SHAPE_REPRESENTATION_RELATIONSHIP('','',#3622,#170);
#166=SHAPE_REPRESENTATION_RELATIONSHIP('','',#3623,#171);
#167=ADVANCED_BREP_SHAPE_REPRESENTATION('',(#3607),#5875);
#168=ADVANCED_BREP_SHAPE_REPRESENTATION('',(#3608),#5876);
#169=ADVANCED_BREP_SHAPE_REPRESENTATION('',(#3609),#5877);
#170=ADVANCED_BREP_SHAPE_REPRESENTATION('',(#3610),#5878);
#171=ADVANCED_BREP_SHAPE_REPRESENTATION('',(#3611),#5879);
#172=ORIENTED_EDGE('',*,*,#1156,.F.);
#173=ORIENTED_EDGE('',*,*,#1157,.T.);
#174=ORIENTED_EDGE('',*,*,#1158,.T.);
#175=ORIENTED_EDGE('',*,*,#1159,.F.);
#176=ORIENTED_EDGE('',*,*,#1160,.F.);
#177=ORIENTED_EDGE('',*,*,#1161,.F.);
#178=ORIENTED_EDGE('',*,*,#1162,.F.);
#179=ORIENTED_EDGE('',*,*,#1163,.T.);
#180=ORIENTED_EDGE('',*,*,#1164,.T.);
#181=ORIENTED_EDGE('',*,*,#1165,.F.);
#182=ORIENTED_EDGE('',*,*,#1166,.F.);
#183=ORIENTED_EDGE('',*,*,#1167,.T.);
#184=ORIENTED_EDGE('',*,*,#1168,.T.);
#185=ORIENTED_EDGE('',*,*,#1169,.F.);
#186=ORIENTED_EDGE('',*,*,#1170,.F.);
#187=ORIENTED_EDGE('',*,*,#1171,.F.);
#188=ORIENTED_EDGE('',*,*,#1172,.F.);
#189=ORIENTED_EDGE('',*,*,#1173,.T.);
#190=ORIENTED_EDGE('',*,*,#1174,.T.);
#191=ORIENTED_EDGE('',*,*,#1175,.F.);
#192=ORIENTED_EDGE('',*,*,#1176,.F.);
#193=ORIENTED_EDGE('',*,*,#1177,.F.);
#194=ORIENTED_EDGE('',*,*,#1178,.F.);
#195=ORIENTED_EDGE('',*,*,#1179,.F.);
#196=ORIENTED_EDGE('',*,*,#1180,.T.);
#197=ORIENTED_EDGE('',*,*,#1181,.T.);
#198=ORIENTED_EDGE('',*,*,#1182,.F.);
#199=ORIENTED_EDGE('',*,*,#1183,.F.);
#200=ORIENTED_EDGE('',*,*,#1184,.T.);
#201=ORIENTED_EDGE('',*,*,#1175,.T.);
#202=ORIENTED_EDGE('',*,*,#1185,.T.);
#203=ORIENTED_EDGE('',*,*,#1157,.F.);
#204=ORIENTED_EDGE('',*,*,#1186,.F.);
#205=ORIENTED_EDGE('',*,*,#1165,.T.);
#206=ORIENTED_EDGE('',*,*,#1187,.T.);
#207=ORIENTED_EDGE('',*,*,#1167,.F.);
#208=ORIENTED_EDGE('',*,*,#1172,.T.);
#209=ORIENTED_EDGE('',*,*,#1188,.T.);
#210=ORIENTED_EDGE('',*,*,#1181,.F.);
#211=ORIENTED_EDGE('',*,*,#1189,.T.);
#212=ORIENTED_EDGE('',*,*,#1170,.T.);
#213=ORIENTED_EDGE('',*,*,#1190,.T.);
#214=ORIENTED_EDGE('',*,*,#1191,.F.);
#215=ORIENTED_EDGE('',*,*,#1183,.T.);
#216=ORIENTED_EDGE('',*,*,#1192,.T.);
#217=ORIENTED_EDGE('',*,*,#1160,.T.);
#218=ORIENTED_EDGE('',*,*,#1193,.F.);
#219=ORIENTED_EDGE('',*,*,#1162,.T.);
#220=ORIENTED_EDGE('',*,*,#1194,.T.);
#221=ORIENTED_EDGE('',*,*,#1179,.T.);
#222=ORIENTED_EDGE('',*,*,#1195,.F.);
#223=ORIENTED_EDGE('',*,*,#1196,.T.);
#224=ORIENTED_EDGE('',*,*,#1193,.T.);
#225=ORIENTED_EDGE('',*,*,#1159,.T.);
#226=ORIENTED_EDGE('',*,*,#1197,.T.);
#227=ORIENTED_EDGE('',*,*,#1163,.F.);
#228=ORIENTED_EDGE('',*,*,#1190,.F.);
#229=ORIENTED_EDGE('',*,*,#1169,.T.);
#230=ORIENTED_EDGE('',*,*,#1198,.T.);
#231=ORIENTED_EDGE('',*,*,#1173,.F.);
#232=ORIENTED_EDGE('',*,*,#1185,.F.);
#233=ORIENTED_EDGE('',*,*,#1174,.F.);
#234=ORIENTED_EDGE('',*,*,#1198,.F.);
#235=ORIENTED_EDGE('',*,*,#1168,.F.);
#236=ORIENTED_EDGE('',*,*,#1187,.F.);
#237=ORIENTED_EDGE('',*,*,#1164,.F.);
#238=ORIENTED_EDGE('',*,*,#1197,.F.);
#239=ORIENTED_EDGE('',*,*,#1158,.F.);
#240=ORIENTED_EDGE('',*,*,#1199,.T.);
#241=ORIENTED_EDGE('',*,*,#1200,.T.);
#242=ORIENTED_EDGE('',*,*,#1201,.T.);
#243=ORIENTED_EDGE('',*,*,#1202,.T.);
#244=ORIENTED_EDGE('',*,*,#1203,.T.);
#245=ORIENTED_EDGE('',*,*,#1204,.T.);
#246=ORIENTED_EDGE('',*,*,#1205,.F.);
#247=ORIENTED_EDGE('',*,*,#1206,.F.);
#248=ORIENTED_EDGE('',*,*,#1207,.T.);
#249=ORIENTED_EDGE('',*,*,#1208,.F.);
#250=ORIENTED_EDGE('',*,*,#1209,.F.);
#251=ORIENTED_EDGE('',*,*,#1210,.T.);
#252=ORIENTED_EDGE('',*,*,#1211,.T.);
#253=ORIENTED_EDGE('',*,*,#1212,.T.);
#254=ORIENTED_EDGE('',*,*,#1213,.T.);
#255=ORIENTED_EDGE('',*,*,#1214,.T.);
#256=ORIENTED_EDGE('',*,*,#1215,.T.);
#257=ORIENTED_EDGE('',*,*,#1211,.F.);
#258=ORIENTED_EDGE('',*,*,#1216,.F.);
#259=ORIENTED_EDGE('',*,*,#1217,.T.);
#260=ORIENTED_EDGE('',*,*,#1218,.F.);
#261=ORIENTED_EDGE('',*,*,#1219,.T.);
#262=ORIENTED_EDGE('',*,*,#1220,.T.);
#263=ORIENTED_EDGE('',*,*,#1221,.T.);
#264=ORIENTED_EDGE('',*,*,#1222,.T.);
#265=ORIENTED_EDGE('',*,*,#1223,.T.);
#266=ORIENTED_EDGE('',*,*,#1224,.F.);
#267=ORIENTED_EDGE('',*,*,#1225,.T.);
#268=ORIENTED_EDGE('',*,*,#1226,.T.);
#269=ORIENTED_EDGE('',*,*,#1227,.F.);
#270=ORIENTED_EDGE('',*,*,#1228,.T.);
#271=ORIENTED_EDGE('',*,*,#1229,.T.);
#272=ORIENTED_EDGE('',*,*,#1230,.F.);
#273=ORIENTED_EDGE('',*,*,#1231,.T.);
#274=ORIENTED_EDGE('',*,*,#1232,.T.);
#275=ORIENTED_EDGE('',*,*,#1233,.T.);
#276=ORIENTED_EDGE('',*,*,#1222,.F.);
#277=ORIENTED_EDGE('',*,*,#1234,.T.);
#278=ORIENTED_EDGE('',*,*,#1235,.F.);
#279=ORIENTED_EDGE('',*,*,#1236,.F.);
#280=ORIENTED_EDGE('',*,*,#1219,.F.);
#281=ORIENTED_EDGE('',*,*,#1237,.F.);
#282=ORIENTED_EDGE('',*,*,#1238,.F.);
#283=ORIENTED_EDGE('',*,*,#1239,.F.);
#284=ORIENTED_EDGE('',*,*,#1240,.F.);
#285=ORIENTED_EDGE('',*,*,#1241,.F.);
#286=ORIENTED_EDGE('',*,*,#1242,.F.);
#287=ORIENTED_EDGE('',*,*,#1243,.F.);
#288=ORIENTED_EDGE('',*,*,#1244,.F.);
#289=ORIENTED_EDGE('',*,*,#1245,.F.);
#290=ORIENTED_EDGE('',*,*,#1246,.F.);
#291=ORIENTED_EDGE('',*,*,#1247,.F.);
#292=ORIENTED_EDGE('',*,*,#1248,.F.);
#293=ORIENTED_EDGE('',*,*,#1249,.F.);
#294=ORIENTED_EDGE('',*,*,#1250,.F.);
#295=ORIENTED_EDGE('',*,*,#1199,.F.);
#296=ORIENTED_EDGE('',*,*,#1251,.F.);
#297=ORIENTED_EDGE('',*,*,#1252,.T.);
#298=ORIENTED_EDGE('',*,*,#1232,.F.);
#299=ORIENTED_EDGE('',*,*,#1253,.T.);
#300=ORIENTED_EDGE('',*,*,#1254,.F.);
#301=ORIENTED_EDGE('',*,*,#1240,.T.);
#302=ORIENTED_EDGE('',*,*,#1255,.T.);
#303=ORIENTED_EDGE('',*,*,#1256,.T.);
#304=ORIENTED_EDGE('',*,*,#1230,.T.);
#305=ORIENTED_EDGE('',*,*,#1257,.T.);
#306=ORIENTED_EDGE('',*,*,#1258,.T.);
#307=ORIENTED_EDGE('',*,*,#1259,.T.);
#308=ORIENTED_EDGE('',*,*,#1260,.F.);
#309=ORIENTED_EDGE('',*,*,#1261,.F.);
#310=ORIENTED_EDGE('',*,*,#1262,.T.);
#311=ORIENTED_EDGE('',*,*,#1203,.F.);
#312=ORIENTED_EDGE('',*,*,#1263,.F.);
#313=ORIENTED_EDGE('',*,*,#1264,.T.);
#314=ORIENTED_EDGE('',*,*,#1228,.F.);
#315=ORIENTED_EDGE('',*,*,#1265,.T.);
#316=ORIENTED_EDGE('',*,*,#1266,.F.);
#317=ORIENTED_EDGE('',*,*,#1244,.T.);
#318=ORIENTED_EDGE('',*,*,#1267,.T.);
#319=ORIENTED_EDGE('',*,*,#1268,.T.);
#320=ORIENTED_EDGE('',*,*,#1269,.T.);
#321=ORIENTED_EDGE('',*,*,#1270,.T.);
#322=ORIENTED_EDGE('',*,*,#1271,.T.);
#323=ORIENTED_EDGE('',*,*,#1272,.T.);
#324=ORIENTED_EDGE('',*,*,#1265,.F.);
#325=ORIENTED_EDGE('',*,*,#1231,.F.);
#326=ORIENTED_EDGE('',*,*,#1256,.F.);
#327=ORIENTED_EDGE('',*,*,#1273,.T.);
#328=ORIENTED_EDGE('',*,*,#1274,.T.);
#329=ORIENTED_EDGE('',*,*,#1275,.F.);
#330=ORIENTED_EDGE('',*,*,#1268,.F.);
#331=ORIENTED_EDGE('',*,*,#1276,.T.);
#332=ORIENTED_EDGE('',*,*,#1277,.T.);
#333=ORIENTED_EDGE('',*,*,#1217,.F.);
#334=ORIENTED_EDGE('',*,*,#1278,.F.);
#335=ORIENTED_EDGE('',*,*,#1279,.T.);
#336=ORIENTED_EDGE('',*,*,#1280,.T.);
#337=ORIENTED_EDGE('',*,*,#1281,.T.);
#338=ORIENTED_EDGE('',*,*,#1282,.T.);
#339=ORIENTED_EDGE('',*,*,#1253,.F.);
#340=ORIENTED_EDGE('',*,*,#1234,.F.);
#341=ORIENTED_EDGE('',*,*,#1221,.F.);
#342=ORIENTED_EDGE('',*,*,#1283,.F.);
#343=ORIENTED_EDGE('',*,*,#1204,.F.);
#344=ORIENTED_EDGE('',*,*,#1262,.F.);
#345=ORIENTED_EDGE('',*,*,#1275,.T.);
#346=ORIENTED_EDGE('',*,*,#1284,.T.);
#347=ORIENTED_EDGE('',*,*,#1285,.T.);
#348=ORIENTED_EDGE('',*,*,#1286,.T.);
#349=ORIENTED_EDGE('',*,*,#1287,.T.);
#350=ORIENTED_EDGE('',*,*,#1288,.T.);
#351=ORIENTED_EDGE('',*,*,#1289,.F.);
#352=ORIENTED_EDGE('',*,*,#1290,.F.);
#353=ORIENTED_EDGE('',*,*,#1291,.F.);
#354=ORIENTED_EDGE('',*,*,#1207,.F.);
#355=ORIENTED_EDGE('',*,*,#1292,.F.);
#356=ORIENTED_EDGE('',*,*,#1293,.T.);
#357=ORIENTED_EDGE('',*,*,#1285,.F.);
#358=ORIENTED_EDGE('',*,*,#1248,.T.);
#359=ORIENTED_EDGE('',*,*,#1294,.T.);
#360=ORIENTED_EDGE('',*,*,#1295,.T.);
#361=ORIENTED_EDGE('',*,*,#1296,.F.);
#362=ORIENTED_EDGE('',*,*,#1297,.T.);
#363=ORIENTED_EDGE('',*,*,#1294,.F.);
#364=ORIENTED_EDGE('',*,*,#1298,.F.);
#365=ORIENTED_EDGE('',*,*,#1278,.T.);
#366=ORIENTED_EDGE('',*,*,#1216,.T.);
#367=ORIENTED_EDGE('',*,*,#1210,.F.);
#368=ORIENTED_EDGE('',*,*,#1269,.F.);
#369=ORIENTED_EDGE('',*,*,#1255,.F.);
#370=ORIENTED_EDGE('',*,*,#1239,.T.);
#371=ORIENTED_EDGE('',*,*,#1299,.T.);
#372=ORIENTED_EDGE('',*,*,#1270,.F.);
#373=ORIENTED_EDGE('',*,*,#1299,.F.);
#374=ORIENTED_EDGE('',*,*,#1238,.T.);
#375=ORIENTED_EDGE('',*,*,#1300,.T.);
#376=ORIENTED_EDGE('',*,*,#1281,.F.);
#377=ORIENTED_EDGE('',*,*,#1301,.F.);
#378=ORIENTED_EDGE('',*,*,#1302,.T.);
#379=ORIENTED_EDGE('',*,*,#1303,.T.);
#380=ORIENTED_EDGE('',*,*,#1271,.F.);
#381=ORIENTED_EDGE('',*,*,#1303,.F.);
#382=ORIENTED_EDGE('',*,*,#1304,.T.);
#383=ORIENTED_EDGE('',*,*,#1305,.T.);
#384=ORIENTED_EDGE('',*,*,#1249,.T.);
#385=ORIENTED_EDGE('',*,*,#1284,.F.);
#386=ORIENTED_EDGE('',*,*,#1274,.F.);
#387=ORIENTED_EDGE('',*,*,#1306,.F.);
#388=ORIENTED_EDGE('',*,*,#1242,.T.);
#389=ORIENTED_EDGE('',*,*,#1307,.T.);
#390=ORIENTED_EDGE('',*,*,#1272,.F.);
#391=ORIENTED_EDGE('',*,*,#1307,.F.);
#392=ORIENTED_EDGE('',*,*,#1245,.T.);
#393=ORIENTED_EDGE('',*,*,#1266,.T.);
#394=ORIENTED_EDGE('',*,*,#1273,.F.);
#395=ORIENTED_EDGE('',*,*,#1267,.F.);
#396=ORIENTED_EDGE('',*,*,#1243,.T.);
#397=ORIENTED_EDGE('',*,*,#1306,.T.);
#398=ORIENTED_EDGE('',*,*,#1308,.T.);
#399=ORIENTED_EDGE('',*,*,#1276,.F.);
#400=ORIENTED_EDGE('',*,*,#1298,.T.);
#401=ORIENTED_EDGE('',*,*,#1247,.T.);
#402=ORIENTED_EDGE('',*,*,#1309,.F.);
#403=ORIENTED_EDGE('',*,*,#1310,.T.);
#404=ORIENTED_EDGE('',*,*,#1301,.T.);
#405=ORIENTED_EDGE('',*,*,#1280,.F.);
#406=ORIENTED_EDGE('',*,*,#1311,.F.);
#407=ORIENTED_EDGE('',*,*,#1235,.T.);
#408=ORIENTED_EDGE('',*,*,#1277,.F.);
#409=ORIENTED_EDGE('',*,*,#1308,.F.);
#410=ORIENTED_EDGE('',*,*,#1237,.T.);
#411=ORIENTED_EDGE('',*,*,#1218,.T.);
#412=ORIENTED_EDGE('',*,*,#1279,.F.);
#413=ORIENTED_EDGE('',*,*,#1220,.F.);
#414=ORIENTED_EDGE('',*,*,#1236,.T.);
#415=ORIENTED_EDGE('',*,*,#1311,.T.);
#416=ORIENTED_EDGE('',*,*,#1282,.F.);
#417=ORIENTED_EDGE('',*,*,#1300,.F.);
#418=ORIENTED_EDGE('',*,*,#1241,.T.);
#419=ORIENTED_EDGE('',*,*,#1254,.T.);
#420=ORIENTED_EDGE('',*,*,#1246,.T.);
#421=ORIENTED_EDGE('',*,*,#1305,.F.);
#422=ORIENTED_EDGE('',*,*,#1312,.T.);
#423=ORIENTED_EDGE('',*,*,#1309,.T.);
#424=ORIENTED_EDGE('',*,*,#1310,.F.);
#425=ORIENTED_EDGE('',*,*,#1312,.F.);
#426=ORIENTED_EDGE('',*,*,#1304,.F.);
#427=ORIENTED_EDGE('',*,*,#1302,.F.);
#428=ORIENTED_EDGE('',*,*,#1283,.T.);
#429=ORIENTED_EDGE('',*,*,#1313,.F.);
#430=ORIENTED_EDGE('',*,*,#1314,.T.);
#431=ORIENTED_EDGE('',*,*,#1205,.T.);
#432=ORIENTED_EDGE('',*,*,#1292,.T.);
#433=ORIENTED_EDGE('',*,*,#1206,.T.);
#434=ORIENTED_EDGE('',*,*,#1314,.F.);
#435=ORIENTED_EDGE('',*,*,#1315,.F.);
#436=ORIENTED_EDGE('',*,*,#1293,.F.);
#437=ORIENTED_EDGE('',*,*,#1315,.T.);
#438=ORIENTED_EDGE('',*,*,#1313,.T.);
#439=ORIENTED_EDGE('',*,*,#1286,.F.);
#440=ORIENTED_EDGE('',*,*,#1296,.T.);
#441=ORIENTED_EDGE('',*,*,#1209,.T.);
#442=ORIENTED_EDGE('',*,*,#1316,.F.);
#443=ORIENTED_EDGE('',*,*,#1317,.F.);
#444=ORIENTED_EDGE('',*,*,#1291,.T.);
#445=ORIENTED_EDGE('',*,*,#1318,.F.);
#446=ORIENTED_EDGE('',*,*,#1316,.T.);
#447=ORIENTED_EDGE('',*,*,#1208,.T.);
#448=ORIENTED_EDGE('',*,*,#1297,.F.);
#449=ORIENTED_EDGE('',*,*,#1317,.T.);
#450=ORIENTED_EDGE('',*,*,#1318,.T.);
#451=ORIENTED_EDGE('',*,*,#1295,.F.);
#452=ORIENTED_EDGE('',*,*,#1213,.F.);
#453=ORIENTED_EDGE('',*,*,#1319,.F.);
#454=ORIENTED_EDGE('',*,*,#1320,.T.);
#455=ORIENTED_EDGE('',*,*,#1321,.T.);
#456=ORIENTED_EDGE('',*,*,#1212,.F.);
#457=ORIENTED_EDGE('',*,*,#1215,.F.);
#458=ORIENTED_EDGE('',*,*,#1322,.T.);
#459=ORIENTED_EDGE('',*,*,#1319,.T.);
#460=ORIENTED_EDGE('',*,*,#1252,.F.);
#461=ORIENTED_EDGE('',*,*,#1323,.F.);
#462=ORIENTED_EDGE('',*,*,#1320,.F.);
#463=ORIENTED_EDGE('',*,*,#1322,.F.);
#464=ORIENTED_EDGE('',*,*,#1223,.F.);
#465=ORIENTED_EDGE('',*,*,#1233,.F.);
#466=ORIENTED_EDGE('',*,*,#1323,.T.);
#467=ORIENTED_EDGE('',*,*,#1251,.T.);
#468=ORIENTED_EDGE('',*,*,#1214,.F.);
#469=ORIENTED_EDGE('',*,*,#1321,.F.);
#470=ORIENTED_EDGE('',*,*,#1257,.F.);
#471=ORIENTED_EDGE('',*,*,#1229,.F.);
#472=ORIENTED_EDGE('',*,*,#1264,.F.);
#473=ORIENTED_EDGE('',*,*,#1324,.F.);
#474=ORIENTED_EDGE('',*,*,#1325,.F.);
#475=ORIENTED_EDGE('',*,*,#1326,.F.);
#476=ORIENTED_EDGE('',*,*,#1200,.F.);
#477=ORIENTED_EDGE('',*,*,#1250,.T.);
#478=ORIENTED_EDGE('',*,*,#1326,.T.);
#479=ORIENTED_EDGE('',*,*,#1327,.T.);
#480=ORIENTED_EDGE('',*,*,#1201,.F.);
#481=ORIENTED_EDGE('',*,*,#1327,.F.);
#482=ORIENTED_EDGE('',*,*,#1325,.T.);
#483=ORIENTED_EDGE('',*,*,#1328,.T.);
#484=ORIENTED_EDGE('',*,*,#1202,.F.);
#485=ORIENTED_EDGE('',*,*,#1328,.F.);
#486=ORIENTED_EDGE('',*,*,#1324,.T.);
#487=ORIENTED_EDGE('',*,*,#1263,.T.);
#488=ORIENTED_EDGE('',*,*,#1329,.F.);
#489=ORIENTED_EDGE('',*,*,#1259,.F.);
#490=ORIENTED_EDGE('',*,*,#1330,.T.);
#491=ORIENTED_EDGE('',*,*,#1331,.T.);
#492=ORIENTED_EDGE('',*,*,#1332,.F.);
#493=ORIENTED_EDGE('',*,*,#1331,.F.);
#494=ORIENTED_EDGE('',*,*,#1333,.T.);
#495=ORIENTED_EDGE('',*,*,#1334,.T.);
#496=ORIENTED_EDGE('',*,*,#1335,.F.);
#497=ORIENTED_EDGE('',*,*,#1334,.F.);
#498=ORIENTED_EDGE('',*,*,#1336,.T.);
#499=ORIENTED_EDGE('',*,*,#1261,.T.);
#500=ORIENTED_EDGE('',*,*,#1258,.F.);
#501=ORIENTED_EDGE('',*,*,#1336,.F.);
#502=ORIENTED_EDGE('',*,*,#1333,.F.);
#503=ORIENTED_EDGE('',*,*,#1330,.F.);
#504=ORIENTED_EDGE('',*,*,#1260,.T.);
#505=ORIENTED_EDGE('',*,*,#1329,.T.);
#506=ORIENTED_EDGE('',*,*,#1332,.T.);
#507=ORIENTED_EDGE('',*,*,#1335,.T.);
#508=ORIENTED_EDGE('',*,*,#1337,.F.);
#509=ORIENTED_EDGE('',*,*,#1338,.F.);
#510=ORIENTED_EDGE('',*,*,#1339,.T.);
#511=ORIENTED_EDGE('',*,*,#1224,.T.);
#512=ORIENTED_EDGE('',*,*,#1340,.F.);
#513=ORIENTED_EDGE('',*,*,#1226,.F.);
#514=ORIENTED_EDGE('',*,*,#1341,.T.);
#515=ORIENTED_EDGE('',*,*,#1342,.T.);
#516=ORIENTED_EDGE('',*,*,#1343,.F.);
#517=ORIENTED_EDGE('',*,*,#1342,.F.);
#518=ORIENTED_EDGE('',*,*,#1344,.T.);
#519=ORIENTED_EDGE('',*,*,#1338,.T.);
#520=ORIENTED_EDGE('',*,*,#1339,.F.);
#521=ORIENTED_EDGE('',*,*,#1344,.F.);
#522=ORIENTED_EDGE('',*,*,#1341,.F.);
#523=ORIENTED_EDGE('',*,*,#1225,.F.);
#524=ORIENTED_EDGE('',*,*,#1337,.T.);
#525=ORIENTED_EDGE('',*,*,#1227,.T.);
#526=ORIENTED_EDGE('',*,*,#1340,.T.);
#527=ORIENTED_EDGE('',*,*,#1343,.T.);
#528=ORIENTED_EDGE('',*,*,#1345,.F.);
#529=ORIENTED_EDGE('',*,*,#1288,.F.);
#530=ORIENTED_EDGE('',*,*,#1346,.T.);
#531=ORIENTED_EDGE('',*,*,#1347,.T.);
#532=ORIENTED_EDGE('',*,*,#1348,.F.);
#533=ORIENTED_EDGE('',*,*,#1347,.F.);
#534=ORIENTED_EDGE('',*,*,#1349,.T.);
#535=ORIENTED_EDGE('',*,*,#1350,.T.);
#536=ORIENTED_EDGE('',*,*,#1351,.F.);
#537=ORIENTED_EDGE('',*,*,#1350,.F.);
#538=ORIENTED_EDGE('',*,*,#1352,.T.);
#539=ORIENTED_EDGE('',*,*,#1290,.T.);
#540=ORIENTED_EDGE('',*,*,#1287,.F.);
#541=ORIENTED_EDGE('',*,*,#1352,.F.);
#542=ORIENTED_EDGE('',*,*,#1349,.F.);
#543=ORIENTED_EDGE('',*,*,#1346,.F.);
#544=ORIENTED_EDGE('',*,*,#1289,.T.);
#545=ORIENTED_EDGE('',*,*,#1345,.T.);
#546=ORIENTED_EDGE('',*,*,#1348,.T.);
#547=ORIENTED_EDGE('',*,*,#1351,.T.);
#548=ORIENTED_EDGE('',*,*,#1166,.T.);
#549=ORIENTED_EDGE('',*,*,#1189,.F.);
#550=ORIENTED_EDGE('',*,*,#1180,.F.);
#551=ORIENTED_EDGE('',*,*,#1194,.F.);
#552=ORIENTED_EDGE('',*,*,#1161,.T.);
#553=ORIENTED_EDGE('',*,*,#1186,.T.);
#554=ORIENTED_EDGE('',*,*,#1171,.T.);
#555=ORIENTED_EDGE('',*,*,#1184,.F.);
#556=ORIENTED_EDGE('',*,*,#1156,.T.);
#557=ORIENTED_EDGE('',*,*,#1192,.F.);
#558=ORIENTED_EDGE('',*,*,#1182,.T.);
#559=ORIENTED_EDGE('',*,*,#1188,.F.);
#560=ORIENTED_EDGE('',*,*,#1177,.T.);
#561=ORIENTED_EDGE('',*,*,#1353,.F.);
#562=ORIENTED_EDGE('',*,*,#1354,.F.);
#563=ORIENTED_EDGE('',*,*,#1355,.T.);
#564=ORIENTED_EDGE('',*,*,#1191,.T.);
#565=ORIENTED_EDGE('',*,*,#1356,.F.);
#566=ORIENTED_EDGE('',*,*,#1353,.T.);
#567=ORIENTED_EDGE('',*,*,#1176,.T.);
#568=ORIENTED_EDGE('',*,*,#1195,.T.);
#569=ORIENTED_EDGE('',*,*,#1178,.T.);
#570=ORIENTED_EDGE('',*,*,#1355,.F.);
#571=ORIENTED_EDGE('',*,*,#1357,.F.);
#572=ORIENTED_EDGE('',*,*,#1357,.T.);
#573=ORIENTED_EDGE('',*,*,#1354,.T.);
#574=ORIENTED_EDGE('',*,*,#1356,.T.);
#575=ORIENTED_EDGE('',*,*,#1196,.F.);
#576=ORIENTED_EDGE('',*,*,#1358,.F.);
#577=ORIENTED_EDGE('',*,*,#1359,.F.);
#578=ORIENTED_EDGE('',*,*,#1358,.T.);
#579=ORIENTED_EDGE('',*,*,#1360,.F.);
#580=ORIENTED_EDGE('',*,*,#1359,.T.);
#581=ORIENTED_EDGE('',*,*,#1360,.T.);
#582=ORIENTED_EDGE('',*,*,#1361,.F.);
#583=ORIENTED_EDGE('',*,*,#1362,.F.);
#584=ORIENTED_EDGE('',*,*,#1361,.T.);
#585=ORIENTED_EDGE('',*,*,#1363,.F.);
#586=ORIENTED_EDGE('',*,*,#1362,.T.);
#587=ORIENTED_EDGE('',*,*,#1364,.F.);
#588=ORIENTED_EDGE('',*,*,#1363,.T.);
#589=ORIENTED_EDGE('',*,*,#1365,.F.);
#590=ORIENTED_EDGE('',*,*,#1364,.T.);
#591=ORIENTED_EDGE('',*,*,#1366,.F.);
#592=ORIENTED_EDGE('',*,*,#1365,.T.);
#593=ORIENTED_EDGE('',*,*,#1366,.T.);
#594=ORIENTED_EDGE('',*,*,#1367,.T.);
#595=ORIENTED_EDGE('',*,*,#1368,.F.);
#596=ORIENTED_EDGE('',*,*,#1369,.T.);
#597=ORIENTED_EDGE('',*,*,#1370,.F.);
#598=ORIENTED_EDGE('',*,*,#1371,.T.);
#599=ORIENTED_EDGE('',*,*,#1372,.T.);
#600=ORIENTED_EDGE('',*,*,#1373,.T.);
#601=ORIENTED_EDGE('',*,*,#1374,.T.);
#602=ORIENTED_EDGE('',*,*,#1375,.T.);
#603=ORIENTED_EDGE('',*,*,#1376,.F.);
#604=ORIENTED_EDGE('',*,*,#1377,.T.);
#605=ORIENTED_EDGE('',*,*,#1378,.F.);
#606=ORIENTED_EDGE('',*,*,#1379,.F.);
#607=ORIENTED_EDGE('',*,*,#1380,.F.);
#608=ORIENTED_EDGE('',*,*,#1381,.F.);
#609=ORIENTED_EDGE('',*,*,#1382,.F.);
#610=ORIENTED_EDGE('',*,*,#1383,.T.);
#611=ORIENTED_EDGE('',*,*,#1384,.T.);
#612=ORIENTED_EDGE('',*,*,#1385,.T.);
#613=ORIENTED_EDGE('',*,*,#1386,.T.);
#614=ORIENTED_EDGE('',*,*,#1387,.T.);
#615=ORIENTED_EDGE('',*,*,#1388,.F.);
#616=ORIENTED_EDGE('',*,*,#1389,.T.);
#617=ORIENTED_EDGE('',*,*,#1390,.F.);
#618=ORIENTED_EDGE('',*,*,#1391,.F.);
#619=ORIENTED_EDGE('',*,*,#1392,.F.);
#620=ORIENTED_EDGE('',*,*,#1393,.F.);
#621=ORIENTED_EDGE('',*,*,#1394,.F.);
#622=ORIENTED_EDGE('',*,*,#1395,.T.);
#623=ORIENTED_EDGE('',*,*,#1396,.F.);
#624=ORIENTED_EDGE('',*,*,#1397,.T.);
#625=ORIENTED_EDGE('',*,*,#1398,.F.);
#626=ORIENTED_EDGE('',*,*,#1399,.F.);
#627=ORIENTED_EDGE('',*,*,#1400,.T.);
#628=ORIENTED_EDGE('',*,*,#1401,.T.);
#629=ORIENTED_EDGE('',*,*,#1402,.F.);
#630=ORIENTED_EDGE('',*,*,#1403,.F.);
#631=ORIENTED_EDGE('',*,*,#1404,.T.);
#632=ORIENTED_EDGE('',*,*,#1405,.T.);
#633=ORIENTED_EDGE('',*,*,#1406,.F.);
#634=ORIENTED_EDGE('',*,*,#1407,.F.);
#635=ORIENTED_EDGE('',*,*,#1402,.T.);
#636=ORIENTED_EDGE('',*,*,#1408,.T.);
#637=ORIENTED_EDGE('',*,*,#1409,.F.);
#638=ORIENTED_EDGE('',*,*,#1410,.F.);
#639=ORIENTED_EDGE('',*,*,#1409,.T.);
#640=ORIENTED_EDGE('',*,*,#1411,.T.);
#641=ORIENTED_EDGE('',*,*,#1404,.F.);
#642=ORIENTED_EDGE('',*,*,#1392,.T.);
#643=ORIENTED_EDGE('',*,*,#1412,.T.);
#644=ORIENTED_EDGE('',*,*,#1413,.F.);
#645=ORIENTED_EDGE('',*,*,#1414,.T.);
#646=ORIENTED_EDGE('',*,*,#1367,.F.);
#647=ORIENTED_EDGE('',*,*,#1415,.T.);
#648=ORIENTED_EDGE('',*,*,#1416,.F.);
#649=ORIENTED_EDGE('',*,*,#1417,.F.);
#650=ORIENTED_EDGE('',*,*,#1418,.F.);
#651=ORIENTED_EDGE('',*,*,#1419,.F.);
#652=ORIENTED_EDGE('',*,*,#1420,.F.);
#653=ORIENTED_EDGE('',*,*,#1421,.T.);
#654=ORIENTED_EDGE('',*,*,#1422,.F.);
#655=ORIENTED_EDGE('',*,*,#1423,.F.);
#656=ORIENTED_EDGE('',*,*,#1424,.F.);
#657=ORIENTED_EDGE('',*,*,#1425,.F.);
#658=ORIENTED_EDGE('',*,*,#1426,.F.);
#659=ORIENTED_EDGE('',*,*,#1427,.T.);
#660=ORIENTED_EDGE('',*,*,#1398,.T.);
#661=ORIENTED_EDGE('',*,*,#1428,.F.);
#662=ORIENTED_EDGE('',*,*,#1429,.F.);
#663=ORIENTED_EDGE('',*,*,#1430,.F.);
#664=ORIENTED_EDGE('',*,*,#1431,.F.);
#665=ORIENTED_EDGE('',*,*,#1432,.F.);
#666=ORIENTED_EDGE('',*,*,#1433,.F.);
#667=ORIENTED_EDGE('',*,*,#1434,.F.);
#668=ORIENTED_EDGE('',*,*,#1369,.F.);
#669=ORIENTED_EDGE('',*,*,#1435,.T.);
#670=ORIENTED_EDGE('',*,*,#1436,.F.);
#671=ORIENTED_EDGE('',*,*,#1437,.F.);
#672=ORIENTED_EDGE('',*,*,#1438,.F.);
#673=ORIENTED_EDGE('',*,*,#1439,.F.);
#674=ORIENTED_EDGE('',*,*,#1376,.T.);
#675=ORIENTED_EDGE('',*,*,#1440,.T.);
#676=ORIENTED_EDGE('',*,*,#1441,.F.);
#677=ORIENTED_EDGE('',*,*,#1442,.T.);
#678=ORIENTED_EDGE('',*,*,#1383,.F.);
#679=ORIENTED_EDGE('',*,*,#1443,.T.);
#680=ORIENTED_EDGE('',*,*,#1444,.F.);
#681=ORIENTED_EDGE('',*,*,#1445,.F.);
#682=ORIENTED_EDGE('',*,*,#1446,.F.);
#683=ORIENTED_EDGE('',*,*,#1447,.F.);
#684=ORIENTED_EDGE('',*,*,#1448,.F.);
#685=ORIENTED_EDGE('',*,*,#1449,.T.);
#686=ORIENTED_EDGE('',*,*,#1450,.F.);
#687=ORIENTED_EDGE('',*,*,#1451,.F.);
#688=ORIENTED_EDGE('',*,*,#1452,.F.);
#689=ORIENTED_EDGE('',*,*,#1453,.F.);
#690=ORIENTED_EDGE('',*,*,#1454,.F.);
#691=ORIENTED_EDGE('',*,*,#1455,.T.);
#692=ORIENTED_EDGE('',*,*,#1382,.T.);
#693=ORIENTED_EDGE('',*,*,#1456,.F.);
#694=ORIENTED_EDGE('',*,*,#1457,.F.);
#695=ORIENTED_EDGE('',*,*,#1458,.F.);
#696=ORIENTED_EDGE('',*,*,#1459,.F.);
#697=ORIENTED_EDGE('',*,*,#1460,.F.);
#698=ORIENTED_EDGE('',*,*,#1461,.F.);
#699=ORIENTED_EDGE('',*,*,#1462,.F.);
#700=ORIENTED_EDGE('',*,*,#1385,.F.);
#701=ORIENTED_EDGE('',*,*,#1463,.T.);
#702=ORIENTED_EDGE('',*,*,#1464,.F.);
#703=ORIENTED_EDGE('',*,*,#1465,.F.);
#704=ORIENTED_EDGE('',*,*,#1466,.F.);
#705=ORIENTED_EDGE('',*,*,#1467,.F.);
#706=ORIENTED_EDGE('',*,*,#1468,.T.);
#707=ORIENTED_EDGE('',*,*,#1469,.T.);
#708=ORIENTED_EDGE('',*,*,#1415,.F.);
#709=ORIENTED_EDGE('',*,*,#1374,.F.);
#710=ORIENTED_EDGE('',*,*,#1462,.T.);
#711=ORIENTED_EDGE('',*,*,#1470,.T.);
#712=ORIENTED_EDGE('',*,*,#1471,.F.);
#713=ORIENTED_EDGE('',*,*,#1386,.F.);
#714=ORIENTED_EDGE('',*,*,#1472,.F.);
#715=ORIENTED_EDGE('',*,*,#1473,.T.);
#716=ORIENTED_EDGE('',*,*,#1428,.T.);
#717=ORIENTED_EDGE('',*,*,#1397,.F.);
#718=ORIENTED_EDGE('',*,*,#1434,.T.);
#719=ORIENTED_EDGE('',*,*,#1474,.T.);
#720=ORIENTED_EDGE('',*,*,#1475,.F.);
#721=ORIENTED_EDGE('',*,*,#1370,.T.);
#722=ORIENTED_EDGE('',*,*,#1449,.F.);
#723=ORIENTED_EDGE('',*,*,#1476,.T.);
#724=ORIENTED_EDGE('',*,*,#1477,.T.);
#725=ORIENTED_EDGE('',*,*,#1377,.F.);
#726=ORIENTED_EDGE('',*,*,#1478,.T.);
#727=ORIENTED_EDGE('',*,*,#1479,.T.);
#728=ORIENTED_EDGE('',*,*,#1443,.F.);
#729=ORIENTED_EDGE('',*,*,#1390,.T.);
#730=ORIENTED_EDGE('',*,*,#1480,.T.);
#731=ORIENTED_EDGE('',*,*,#1481,.T.);
#732=ORIENTED_EDGE('',*,*,#1482,.T.);
#733=ORIENTED_EDGE('',*,*,#1483,.F.);
#734=ORIENTED_EDGE('',*,*,#1406,.T.);
#735=ORIENTED_EDGE('',*,*,#1484,.T.);
#736=ORIENTED_EDGE('',*,*,#1371,.F.);
#737=ORIENTED_EDGE('',*,*,#1475,.T.);
#738=ORIENTED_EDGE('',*,*,#1485,.F.);
#739=ORIENTED_EDGE('',*,*,#1486,.F.);
#740=ORIENTED_EDGE('',*,*,#1487,.F.);
#741=ORIENTED_EDGE('',*,*,#1472,.T.);
#742=ORIENTED_EDGE('',*,*,#1396,.T.);
#743=ORIENTED_EDGE('',*,*,#1488,.T.);
#744=ORIENTED_EDGE('',*,*,#1489,.T.);
#745=ORIENTED_EDGE('',*,*,#1490,.F.);
#746=ORIENTED_EDGE('',*,*,#1378,.T.);
#747=ORIENTED_EDGE('',*,*,#1477,.F.);
#748=ORIENTED_EDGE('',*,*,#1491,.F.);
#749=ORIENTED_EDGE('',*,*,#1492,.F.);
#750=ORIENTED_EDGE('',*,*,#1493,.F.);
#751=ORIENTED_EDGE('',*,*,#1478,.F.);
#752=ORIENTED_EDGE('',*,*,#1389,.F.);
#753=ORIENTED_EDGE('',*,*,#1494,.F.);
#754=ORIENTED_EDGE('',*,*,#1495,.F.);
#755=ORIENTED_EDGE('',*,*,#1496,.T.);
#756=ORIENTED_EDGE('',*,*,#1456,.T.);
#757=ORIENTED_EDGE('',*,*,#1381,.T.);
#758=ORIENTED_EDGE('',*,*,#1497,.F.);
#759=ORIENTED_EDGE('',*,*,#1498,.T.);
#760=ORIENTED_EDGE('',*,*,#1499,.F.);
#761=ORIENTED_EDGE('',*,*,#1500,.F.);
#762=ORIENTED_EDGE('',*,*,#1501,.F.);
#763=ORIENTED_EDGE('',*,*,#1502,.T.);
#764=ORIENTED_EDGE('',*,*,#1503,.T.);
#765=ORIENTED_EDGE('',*,*,#1504,.F.);
#766=ORIENTED_EDGE('',*,*,#1505,.T.);
#767=ORIENTED_EDGE('',*,*,#1506,.T.);
#768=ORIENTED_EDGE('',*,*,#1468,.F.);
#769=ORIENTED_EDGE('',*,*,#1373,.F.);
#770=ORIENTED_EDGE('',*,*,#1400,.F.);
#771=ORIENTED_EDGE('',*,*,#1507,.F.);
#772=ORIENTED_EDGE('',*,*,#1508,.F.);
#773=ORIENTED_EDGE('',*,*,#1387,.F.);
#774=ORIENTED_EDGE('',*,*,#1471,.T.);
#775=ORIENTED_EDGE('',*,*,#1509,.T.);
#776=ORIENTED_EDGE('',*,*,#1510,.T.);
#777=ORIENTED_EDGE('',*,*,#1511,.T.);
#778=ORIENTED_EDGE('',*,*,#1495,.T.);
#779=ORIENTED_EDGE('',*,*,#1380,.T.);
#780=ORIENTED_EDGE('',*,*,#1512,.T.);
#781=ORIENTED_EDGE('',*,*,#1394,.T.);
#782=ORIENTED_EDGE('',*,*,#1513,.F.);
#783=ORIENTED_EDGE('',*,*,#1514,.T.);
#784=ORIENTED_EDGE('',*,*,#1421,.F.);
#785=ORIENTED_EDGE('',*,*,#1515,.T.);
#786=ORIENTED_EDGE('',*,*,#1513,.T.);
#787=ORIENTED_EDGE('',*,*,#1393,.T.);
#788=ORIENTED_EDGE('',*,*,#1479,.F.);
#789=ORIENTED_EDGE('',*,*,#1493,.T.);
#790=ORIENTED_EDGE('',*,*,#1516,.F.);
#791=ORIENTED_EDGE('',*,*,#1509,.F.);
#792=ORIENTED_EDGE('',*,*,#1470,.F.);
#793=ORIENTED_EDGE('',*,*,#1461,.T.);
#794=ORIENTED_EDGE('',*,*,#1517,.T.);
#795=ORIENTED_EDGE('',*,*,#1444,.T.);
#796=ORIENTED_EDGE('',*,*,#1448,.T.);
#797=ORIENTED_EDGE('',*,*,#1518,.F.);
#798=ORIENTED_EDGE('',*,*,#1457,.T.);
#799=ORIENTED_EDGE('',*,*,#1496,.F.);
#800=ORIENTED_EDGE('',*,*,#1511,.F.);
#801=ORIENTED_EDGE('',*,*,#1519,.T.);
#802=ORIENTED_EDGE('',*,*,#1491,.T.);
#803=ORIENTED_EDGE('',*,*,#1476,.F.);
#804=ORIENTED_EDGE('',*,*,#1447,.T.);
#805=ORIENTED_EDGE('',*,*,#1520,.F.);
#806=ORIENTED_EDGE('',*,*,#1458,.T.);
#807=ORIENTED_EDGE('',*,*,#1518,.T.);
#808=ORIENTED_EDGE('',*,*,#1446,.T.);
#809=ORIENTED_EDGE('',*,*,#1521,.F.);
#810=ORIENTED_EDGE('',*,*,#1459,.T.);
#811=ORIENTED_EDGE('',*,*,#1520,.T.);
#812=ORIENTED_EDGE('',*,*,#1445,.T.);
#813=ORIENTED_EDGE('',*,*,#1517,.F.);
#814=ORIENTED_EDGE('',*,*,#1460,.T.);
#815=ORIENTED_EDGE('',*,*,#1521,.T.);
#816=ORIENTED_EDGE('',*,*,#1417,.T.);
#817=ORIENTED_EDGE('',*,*,#1522,.F.);
#818=ORIENTED_EDGE('',*,*,#1432,.T.);
#819=ORIENTED_EDGE('',*,*,#1523,.T.);
#820=ORIENTED_EDGE('',*,*,#1418,.T.);
#821=ORIENTED_EDGE('',*,*,#1523,.F.);
#822=ORIENTED_EDGE('',*,*,#1431,.T.);
#823=ORIENTED_EDGE('',*,*,#1524,.T.);
#824=ORIENTED_EDGE('',*,*,#1419,.T.);
#825=ORIENTED_EDGE('',*,*,#1524,.F.);
#826=ORIENTED_EDGE('',*,*,#1430,.T.);
#827=ORIENTED_EDGE('',*,*,#1525,.T.);
#828=ORIENTED_EDGE('',*,*,#1420,.T.);
#829=ORIENTED_EDGE('',*,*,#1525,.F.);
#830=ORIENTED_EDGE('',*,*,#1429,.T.);
#831=ORIENTED_EDGE('',*,*,#1473,.F.);
#832=ORIENTED_EDGE('',*,*,#1487,.T.);
#833=ORIENTED_EDGE('',*,*,#1526,.F.);
#834=ORIENTED_EDGE('',*,*,#1514,.F.);
#835=ORIENTED_EDGE('',*,*,#1515,.F.);
#836=ORIENTED_EDGE('',*,*,#1416,.T.);
#837=ORIENTED_EDGE('',*,*,#1469,.F.);
#838=ORIENTED_EDGE('',*,*,#1506,.F.);
#839=ORIENTED_EDGE('',*,*,#1527,.T.);
#840=ORIENTED_EDGE('',*,*,#1485,.T.);
#841=ORIENTED_EDGE('',*,*,#1474,.F.);
#842=ORIENTED_EDGE('',*,*,#1433,.T.);
#843=ORIENTED_EDGE('',*,*,#1522,.T.);
#844=ORIENTED_EDGE('',*,*,#1492,.T.);
#845=ORIENTED_EDGE('',*,*,#1519,.F.);
#846=ORIENTED_EDGE('',*,*,#1510,.F.);
#847=ORIENTED_EDGE('',*,*,#1516,.T.);
#848=ORIENTED_EDGE('',*,*,#1486,.T.);
#849=ORIENTED_EDGE('',*,*,#1527,.F.);
#850=ORIENTED_EDGE('',*,*,#1505,.F.);
#851=ORIENTED_EDGE('',*,*,#1526,.T.);
#852=ORIENTED_EDGE('',*,*,#1453,.T.);
#853=ORIENTED_EDGE('',*,*,#1528,.F.);
#854=ORIENTED_EDGE('',*,*,#1465,.T.);
#855=ORIENTED_EDGE('',*,*,#1529,.T.);
#856=ORIENTED_EDGE('',*,*,#1452,.T.);
#857=ORIENTED_EDGE('',*,*,#1530,.F.);
#858=ORIENTED_EDGE('',*,*,#1466,.T.);
#859=ORIENTED_EDGE('',*,*,#1528,.T.);
#860=ORIENTED_EDGE('',*,*,#1451,.T.);
#861=ORIENTED_EDGE('',*,*,#1531,.F.);
#862=ORIENTED_EDGE('',*,*,#1467,.T.);
#863=ORIENTED_EDGE('',*,*,#1530,.T.);
#864=ORIENTED_EDGE('',*,*,#1450,.T.);
#865=ORIENTED_EDGE('',*,*,#1529,.F.);
#866=ORIENTED_EDGE('',*,*,#1464,.T.);
#867=ORIENTED_EDGE('',*,*,#1531,.T.);
#868=ORIENTED_EDGE('',*,*,#1422,.T.);
#869=ORIENTED_EDGE('',*,*,#1532,.F.);
#870=ORIENTED_EDGE('',*,*,#1436,.T.);
#871=ORIENTED_EDGE('',*,*,#1533,.T.);
#872=ORIENTED_EDGE('',*,*,#1423,.T.);
#873=ORIENTED_EDGE('',*,*,#1533,.F.);
#874=ORIENTED_EDGE('',*,*,#1439,.T.);
#875=ORIENTED_EDGE('',*,*,#1534,.T.);
#876=ORIENTED_EDGE('',*,*,#1424,.T.);
#877=ORIENTED_EDGE('',*,*,#1534,.F.);
#878=ORIENTED_EDGE('',*,*,#1438,.T.);
#879=ORIENTED_EDGE('',*,*,#1535,.T.);
#880=ORIENTED_EDGE('',*,*,#1425,.T.);
#881=ORIENTED_EDGE('',*,*,#1535,.F.);
#882=ORIENTED_EDGE('',*,*,#1437,.T.);
#883=ORIENTED_EDGE('',*,*,#1532,.T.);
#884=ORIENTED_EDGE('',*,*,#1512,.F.);
#885=ORIENTED_EDGE('',*,*,#1536,.F.);
#886=ORIENTED_EDGE('',*,*,#1537,.F.);
#887=ORIENTED_EDGE('',*,*,#1538,.T.);
#888=ORIENTED_EDGE('',*,*,#1539,.F.);
#889=ORIENTED_EDGE('',*,*,#1489,.F.);
#890=ORIENTED_EDGE('',*,*,#1540,.T.);
#891=ORIENTED_EDGE('',*,*,#1541,.T.);
#892=ORIENTED_EDGE('',*,*,#1542,.F.);
#893=ORIENTED_EDGE('',*,*,#1541,.F.);
#894=ORIENTED_EDGE('',*,*,#1543,.T.);
#895=ORIENTED_EDGE('',*,*,#1544,.T.);
#896=ORIENTED_EDGE('',*,*,#1545,.F.);
#897=ORIENTED_EDGE('',*,*,#1544,.F.);
#898=ORIENTED_EDGE('',*,*,#1546,.T.);
#899=ORIENTED_EDGE('',*,*,#1537,.T.);
#900=ORIENTED_EDGE('',*,*,#1488,.F.);
#901=ORIENTED_EDGE('',*,*,#1395,.F.);
#902=ORIENTED_EDGE('',*,*,#1538,.F.);
#903=ORIENTED_EDGE('',*,*,#1546,.F.);
#904=ORIENTED_EDGE('',*,*,#1543,.F.);
#905=ORIENTED_EDGE('',*,*,#1540,.F.);
#906=ORIENTED_EDGE('',*,*,#1490,.T.);
#907=ORIENTED_EDGE('',*,*,#1539,.T.);
#908=ORIENTED_EDGE('',*,*,#1542,.T.);
#909=ORIENTED_EDGE('',*,*,#1545,.T.);
#910=ORIENTED_EDGE('',*,*,#1536,.T.);
#911=ORIENTED_EDGE('',*,*,#1379,.T.);
#912=ORIENTED_EDGE('',*,*,#1508,.T.);
#913=ORIENTED_EDGE('',*,*,#1547,.T.);
#914=ORIENTED_EDGE('',*,*,#1548,.F.);
#915=ORIENTED_EDGE('',*,*,#1549,.F.);
#916=ORIENTED_EDGE('',*,*,#1550,.T.);
#917=ORIENTED_EDGE('',*,*,#1551,.T.);
#918=ORIENTED_EDGE('',*,*,#1480,.F.);
#919=ORIENTED_EDGE('',*,*,#1552,.F.);
#920=ORIENTED_EDGE('',*,*,#1548,.T.);
#921=ORIENTED_EDGE('',*,*,#1553,.T.);
#922=ORIENTED_EDGE('',*,*,#1554,.F.);
#923=ORIENTED_EDGE('',*,*,#1555,.F.);
#924=ORIENTED_EDGE('',*,*,#1554,.T.);
#925=ORIENTED_EDGE('',*,*,#1556,.T.);
#926=ORIENTED_EDGE('',*,*,#1550,.F.);
#927=ORIENTED_EDGE('',*,*,#1557,.F.);
#928=ORIENTED_EDGE('',*,*,#1552,.T.);
#929=ORIENTED_EDGE('',*,*,#1494,.T.);
#930=ORIENTED_EDGE('',*,*,#1388,.T.);
#931=ORIENTED_EDGE('',*,*,#1549,.T.);
#932=ORIENTED_EDGE('',*,*,#1555,.T.);
#933=ORIENTED_EDGE('',*,*,#1557,.T.);
#934=ORIENTED_EDGE('',*,*,#1405,.F.);
#935=ORIENTED_EDGE('',*,*,#1411,.F.);
#936=ORIENTED_EDGE('',*,*,#1408,.F.);
#937=ORIENTED_EDGE('',*,*,#1401,.F.);
#938=ORIENTED_EDGE('',*,*,#1372,.F.);
#939=ORIENTED_EDGE('',*,*,#1484,.F.);
#940=ORIENTED_EDGE('',*,*,#1507,.T.);
#941=ORIENTED_EDGE('',*,*,#1558,.F.);
#942=ORIENTED_EDGE('',*,*,#1482,.F.);
#943=ORIENTED_EDGE('',*,*,#1559,.T.);
#944=ORIENTED_EDGE('',*,*,#1551,.F.);
#945=ORIENTED_EDGE('',*,*,#1556,.F.);
#946=ORIENTED_EDGE('',*,*,#1553,.F.);
#947=ORIENTED_EDGE('',*,*,#1547,.F.);
#948=ORIENTED_EDGE('',*,*,#1559,.F.);
#949=ORIENTED_EDGE('',*,*,#1481,.F.);
#950=ORIENTED_EDGE('',*,*,#1403,.T.);
#951=ORIENTED_EDGE('',*,*,#1483,.T.);
#952=ORIENTED_EDGE('',*,*,#1558,.T.);
#953=ORIENTED_EDGE('',*,*,#1399,.T.);
#954=ORIENTED_EDGE('',*,*,#1407,.T.);
#955=ORIENTED_EDGE('',*,*,#1410,.T.);
#956=ORIENTED_EDGE('',*,*,#1391,.T.);
#957=ORIENTED_EDGE('',*,*,#1427,.F.);
#958=ORIENTED_EDGE('',*,*,#1560,.T.);
#959=ORIENTED_EDGE('',*,*,#1412,.F.);
#960=ORIENTED_EDGE('',*,*,#1561,.F.);
#961=ORIENTED_EDGE('',*,*,#1435,.F.);
#962=ORIENTED_EDGE('',*,*,#1368,.T.);
#963=ORIENTED_EDGE('',*,*,#1414,.F.);
#964=ORIENTED_EDGE('',*,*,#1413,.T.);
#965=ORIENTED_EDGE('',*,*,#1560,.F.);
#966=ORIENTED_EDGE('',*,*,#1426,.T.);
#967=ORIENTED_EDGE('',*,*,#1561,.T.);
#968=ORIENTED_EDGE('',*,*,#1441,.T.);
#969=ORIENTED_EDGE('',*,*,#1562,.F.);
#970=ORIENTED_EDGE('',*,*,#1454,.T.);
#971=ORIENTED_EDGE('',*,*,#1563,.T.);
#972=ORIENTED_EDGE('',*,*,#1563,.F.);
#973=ORIENTED_EDGE('',*,*,#1463,.F.);
#974=ORIENTED_EDGE('',*,*,#1384,.F.);
#975=ORIENTED_EDGE('',*,*,#1442,.F.);
#976=ORIENTED_EDGE('',*,*,#1375,.F.);
#977=ORIENTED_EDGE('',*,*,#1455,.F.);
#978=ORIENTED_EDGE('',*,*,#1562,.T.);
#979=ORIENTED_EDGE('',*,*,#1440,.F.);
#980=ORIENTED_EDGE('',*,*,#1564,.T.);
#981=ORIENTED_EDGE('',*,*,#1565,.F.);
#982=ORIENTED_EDGE('',*,*,#1566,.F.);
#983=ORIENTED_EDGE('',*,*,#1567,.T.);
#984=ORIENTED_EDGE('',*,*,#1568,.F.);
#985=ORIENTED_EDGE('',*,*,#1569,.F.);
#986=ORIENTED_EDGE('',*,*,#1570,.T.);
#987=ORIENTED_EDGE('',*,*,#1565,.T.);
#988=ORIENTED_EDGE('',*,*,#1571,.T.);
#989=ORIENTED_EDGE('',*,*,#1572,.F.);
#990=ORIENTED_EDGE('',*,*,#1573,.F.);
#991=ORIENTED_EDGE('',*,*,#1569,.T.);
#992=ORIENTED_EDGE('',*,*,#1574,.T.);
#993=ORIENTED_EDGE('',*,*,#1575,.T.);
#994=ORIENTED_EDGE('',*,*,#1576,.F.);
#995=ORIENTED_EDGE('',*,*,#1572,.T.);
#996=ORIENTED_EDGE('',*,*,#1577,.F.);
#997=ORIENTED_EDGE('',*,*,#1578,.T.);
#998=ORIENTED_EDGE('',*,*,#1579,.T.);
#999=ORIENTED_EDGE('',*,*,#1580,.F.);
#1000=ORIENTED_EDGE('',*,*,#1581,.F.);
#1001=ORIENTED_EDGE('',*,*,#1582,.F.);
#1002=ORIENTED_EDGE('',*,*,#1583,.T.);
#1003=ORIENTED_EDGE('',*,*,#1580,.T.);
#1004=ORIENTED_EDGE('',*,*,#1584,.T.);
#1005=ORIENTED_EDGE('',*,*,#1585,.F.);
#1006=ORIENTED_EDGE('',*,*,#1586,.F.);
#1007=ORIENTED_EDGE('',*,*,#1582,.T.);
#1008=ORIENTED_EDGE('',*,*,#1587,.F.);
#1009=ORIENTED_EDGE('',*,*,#1588,.F.);
#1010=ORIENTED_EDGE('',*,*,#1589,.T.);
#1011=ORIENTED_EDGE('',*,*,#1585,.T.);
#1012=ORIENTED_EDGE('',*,*,#1590,.T.);
#1013=ORIENTED_EDGE('',*,*,#1577,.T.);
#1014=ORIENTED_EDGE('',*,*,#1583,.F.);
#1015=ORIENTED_EDGE('',*,*,#1586,.T.);
#1016=ORIENTED_EDGE('',*,*,#1589,.F.);
#1017=ORIENTED_EDGE('',*,*,#1591,.T.);
#1018=ORIENTED_EDGE('',*,*,#1498,.F.);
#1019=ORIENTED_EDGE('',*,*,#1592,.T.);
#1020=ORIENTED_EDGE('',*,*,#1566,.T.);
#1021=ORIENTED_EDGE('',*,*,#1570,.F.);
#1022=ORIENTED_EDGE('',*,*,#1573,.T.);
#1023=ORIENTED_EDGE('',*,*,#1576,.T.);
#1024=ORIENTED_EDGE('',*,*,#1579,.F.);
#1025=ORIENTED_EDGE('',*,*,#1593,.F.);
#1026=ORIENTED_EDGE('',*,*,#1574,.F.);
#1027=ORIENTED_EDGE('',*,*,#1571,.F.);
#1028=ORIENTED_EDGE('',*,*,#1568,.T.);
#1029=ORIENTED_EDGE('',*,*,#1564,.F.);
#1030=ORIENTED_EDGE('',*,*,#1594,.F.);
#1031=ORIENTED_EDGE('',*,*,#1500,.T.);
#1032=ORIENTED_EDGE('',*,*,#1595,.F.);
#1033=ORIENTED_EDGE('',*,*,#1587,.T.);
#1034=ORIENTED_EDGE('',*,*,#1584,.F.);
#1035=ORIENTED_EDGE('',*,*,#1581,.T.);
#1036=ORIENTED_EDGE('',*,*,#1595,.T.);
#1037=ORIENTED_EDGE('',*,*,#1499,.T.);
#1038=ORIENTED_EDGE('',*,*,#1591,.F.);
#1039=ORIENTED_EDGE('',*,*,#1588,.T.);
#1040=ORIENTED_EDGE('',*,*,#1594,.T.);
#1041=ORIENTED_EDGE('',*,*,#1567,.F.);
#1042=ORIENTED_EDGE('',*,*,#1592,.F.);
#1043=ORIENTED_EDGE('',*,*,#1497,.T.);
#1044=ORIENTED_EDGE('',*,*,#1596,.F.);
#1045=ORIENTED_EDGE('',*,*,#1501,.T.);
#1046=ORIENTED_EDGE('',*,*,#1597,.T.);
#1047=ORIENTED_EDGE('',*,*,#1598,.F.);
#1048=ORIENTED_EDGE('',*,*,#1599,.T.);
#1049=ORIENTED_EDGE('',*,*,#1600,.T.);
#1050=ORIENTED_EDGE('',*,*,#1601,.T.);
#1051=ORIENTED_EDGE('',*,*,#1602,.F.);
#1052=ORIENTED_EDGE('',*,*,#1603,.T.);
#1053=ORIENTED_EDGE('',*,*,#1604,.T.);
#1054=ORIENTED_EDGE('',*,*,#1502,.F.);
#1055=ORIENTED_EDGE('',*,*,#1596,.T.);
#1056=ORIENTED_EDGE('',*,*,#1605,.F.);
#1057=ORIENTED_EDGE('',*,*,#1606,.T.);
#1058=ORIENTED_EDGE('',*,*,#1607,.F.);
#1059=ORIENTED_EDGE('',*,*,#1608,.T.);
#1060=ORIENTED_EDGE('',*,*,#1609,.F.);
#1061=ORIENTED_EDGE('',*,*,#1610,.F.);
#1062=ORIENTED_EDGE('',*,*,#1611,.F.);
#1063=ORIENTED_EDGE('',*,*,#1612,.T.);
#1064=ORIENTED_EDGE('',*,*,#1613,.F.);
#1065=ORIENTED_EDGE('',*,*,#1614,.T.);
#1066=ORIENTED_EDGE('',*,*,#1597,.F.);
#1067=ORIENTED_EDGE('',*,*,#1504,.T.);
#1068=ORIENTED_EDGE('',*,*,#1615,.F.);
#1069=ORIENTED_EDGE('',*,*,#1616,.F.);
#1070=ORIENTED_EDGE('',*,*,#1617,.T.);
#1071=ORIENTED_EDGE('',*,*,#1618,.F.);
#1072=ORIENTED_EDGE('',*,*,#1615,.T.);
#1073=ORIENTED_EDGE('',*,*,#1503,.F.);
#1074=ORIENTED_EDGE('',*,*,#1604,.F.);
#1075=ORIENTED_EDGE('',*,*,#1619,.T.);
#1076=ORIENTED_EDGE('',*,*,#1616,.T.);
#1077=ORIENTED_EDGE('',*,*,#1619,.F.);
#1078=ORIENTED_EDGE('',*,*,#1603,.F.);
#1079=ORIENTED_EDGE('',*,*,#1620,.T.);
#1080=ORIENTED_EDGE('',*,*,#1617,.F.);
#1081=ORIENTED_EDGE('',*,*,#1620,.F.);
#1082=ORIENTED_EDGE('',*,*,#1602,.T.);
#1083=ORIENTED_EDGE('',*,*,#1621,.T.);
#1084=ORIENTED_EDGE('',*,*,#1618,.T.);
#1085=ORIENTED_EDGE('',*,*,#1621,.F.);
#1086=ORIENTED_EDGE('',*,*,#1601,.F.);
#1087=ORIENTED_EDGE('',*,*,#1622,.T.);
#1088=ORIENTED_EDGE('',*,*,#1600,.F.);
#1089=ORIENTED_EDGE('',*,*,#1623,.T.);
#1090=ORIENTED_EDGE('',*,*,#1609,.T.);
#1091=ORIENTED_EDGE('',*,*,#1622,.F.);
#1092=ORIENTED_EDGE('',*,*,#1611,.T.);
#1093=ORIENTED_EDGE('',*,*,#1624,.T.);
#1094=ORIENTED_EDGE('',*,*,#1608,.F.);
#1095=ORIENTED_EDGE('',*,*,#1625,.T.);
#1096=ORIENTED_EDGE('',*,*,#1612,.F.);
#1097=ORIENTED_EDGE('',*,*,#1625,.F.);
#1098=ORIENTED_EDGE('',*,*,#1607,.T.);
#1099=ORIENTED_EDGE('',*,*,#1626,.T.);
#1100=ORIENTED_EDGE('',*,*,#1613,.T.);
#1101=ORIENTED_EDGE('',*,*,#1626,.F.);
#1102=ORIENTED_EDGE('',*,*,#1606,.F.);
#1103=ORIENTED_EDGE('',*,*,#1627,.T.);
#1104=ORIENTED_EDGE('',*,*,#1614,.F.);
#1105=ORIENTED_EDGE('',*,*,#1627,.F.);
#1106=ORIENTED_EDGE('',*,*,#1605,.T.);
#1107=ORIENTED_EDGE('',*,*,#1598,.T.);
#1108=ORIENTED_EDGE('',*,*,#1623,.F.);
#1109=ORIENTED_EDGE('',*,*,#1599,.F.);
#1110=ORIENTED_EDGE('',*,*,#1624,.F.);
#1111=ORIENTED_EDGE('',*,*,#1610,.T.);
#1112=ORIENTED_EDGE('',*,*,#1593,.T.);
#1113=ORIENTED_EDGE('',*,*,#1578,.F.);
#1114=ORIENTED_EDGE('',*,*,#1590,.F.);
#1115=ORIENTED_EDGE('',*,*,#1575,.F.);
#1116=ORIENTED_EDGE('',*,*,#1628,.T.);
#1117=ORIENTED_EDGE('',*,*,#1629,.F.);
#1118=ORIENTED_EDGE('',*,*,#1630,.F.);
#1119=ORIENTED_EDGE('',*,*,#1631,.T.);
#1120=ORIENTED_EDGE('',*,*,#1632,.T.);
#1121=ORIENTED_EDGE('',*,*,#1633,.F.);
#1122=ORIENTED_EDGE('',*,*,#1634,.F.);
#1123=ORIENTED_EDGE('',*,*,#1629,.T.);
#1124=ORIENTED_EDGE('',*,*,#1635,.T.);
#1125=ORIENTED_EDGE('',*,*,#1636,.F.);
#1126=ORIENTED_EDGE('',*,*,#1637,.F.);
#1127=ORIENTED_EDGE('',*,*,#1633,.T.);
#1128=ORIENTED_EDGE('',*,*,#1638,.T.);
#1129=ORIENTED_EDGE('',*,*,#1631,.F.);
#1130=ORIENTED_EDGE('',*,*,#1639,.F.);
#1131=ORIENTED_EDGE('',*,*,#1636,.T.);
#1132=ORIENTED_EDGE('',*,*,#1630,.T.);
#1133=ORIENTED_EDGE('',*,*,#1634,.T.);
#1134=ORIENTED_EDGE('',*,*,#1637,.T.);
#1135=ORIENTED_EDGE('',*,*,#1639,.T.);
#1136=ORIENTED_EDGE('',*,*,#1640,.T.);
#1137=ORIENTED_EDGE('',*,*,#1641,.T.);
#1138=ORIENTED_EDGE('',*,*,#1628,.F.);
#1139=ORIENTED_EDGE('',*,*,#1638,.F.);
#1140=ORIENTED_EDGE('',*,*,#1635,.F.);
#1141=ORIENTED_EDGE('',*,*,#1632,.F.);
#1142=ORIENTED_EDGE('',*,*,#1642,.F.);
#1143=ORIENTED_EDGE('',*,*,#1641,.F.);
#1144=ORIENTED_EDGE('',*,*,#1642,.T.);
#1145=ORIENTED_EDGE('',*,*,#1643,.F.);
#1146=ORIENTED_EDGE('',*,*,#1643,.T.);
#1147=ORIENTED_EDGE('',*,*,#1644,.F.);
#1148=ORIENTED_EDGE('',*,*,#1644,.T.);
#1149=ORIENTED_EDGE('',*,*,#1645,.F.);
#1150=ORIENTED_EDGE('',*,*,#1640,.F.);
#1151=ORIENTED_EDGE('',*,*,#1645,.T.);
#1152=ORIENTED_EDGE('',*,*,#1646,.F.);
#1153=ORIENTED_EDGE('',*,*,#1646,.T.);
#1154=ORIENTED_EDGE('',*,*,#1647,.F.);
#1155=ORIENTED_EDGE('',*,*,#1647,.T.);
#1156=EDGE_CURVE('',#1648,#1649,#1979,.T.);
#1157=EDGE_CURVE('',#1648,#1650,#1980,.T.);
#1158=EDGE_CURVE('',#1650,#1651,#1981,.T.);
#1159=EDGE_CURVE('',#1652,#1651,#1982,.T.);
#1160=EDGE_CURVE('',#1649,#1652,#1983,.T.);
#1161=EDGE_CURVE('',#1653,#1654,#1984,.T.);
#1162=EDGE_CURVE('',#1655,#1653,#1985,.T.);
#1163=EDGE_CURVE('',#1655,#1656,#1986,.T.);
#1164=EDGE_CURVE('',#1656,#1657,#1987,.T.);
#1165=EDGE_CURVE('',#1654,#1657,#1988,.T.);
#1166=EDGE_CURVE('',#1658,#1659,#1989,.T.);
#1167=EDGE_CURVE('',#1658,#1660,#1990,.T.);
#1168=EDGE_CURVE('',#1660,#1661,#1991,.T.);
#1169=EDGE_CURVE('',#1662,#1661,#1992,.T.);
#1170=EDGE_CURVE('',#1659,#1662,#1993,.T.);
#1171=EDGE_CURVE('',#1663,#1664,#1994,.T.);
#1172=EDGE_CURVE('',#1665,#1663,#1995,.T.);
#1173=EDGE_CURVE('',#1665,#1666,#1996,.T.);
#1174=EDGE_CURVE('',#1666,#1667,#1997,.T.);
#1175=EDGE_CURVE('',#1664,#1667,#1998,.T.);
#1176=EDGE_CURVE('',#1668,#1669,#1999,.T.);
#1177=EDGE_CURVE('',#1670,#1668,#2000,.T.);
#1178=EDGE_CURVE('',#1671,#1670,#2001,.T.);
#1179=EDGE_CURVE('',#1672,#1671,#2002,.T.);
#1180=EDGE_CURVE('',#1672,#1673,#2003,.T.);
#1181=EDGE_CURVE('',#1673,#1674,#2004,.T.);
#1182=EDGE_CURVE('',#1675,#1674,#2005,.T.);
#1183=EDGE_CURVE('',#1669,#1675,#2006,.T.);
#1184=EDGE_CURVE('',#1648,#1664,#2007,.T.);
#1185=EDGE_CURVE('',#1667,#1650,#2008,.T.);
#1186=EDGE_CURVE('',#1654,#1658,#2009,.T.);
#1187=EDGE_CURVE('',#1657,#1660,#2010,.T.);
#1188=EDGE_CURVE('',#1663,#1674,#2011,.T.);
#1189=EDGE_CURVE('',#1673,#1659,#2012,.T.);
#1190=EDGE_CURVE('',#1662,#1665,#2013,.T.);
#1191=EDGE_CURVE('',#1669,#1676,#2014,.T.);
#1192=EDGE_CURVE('',#1675,#1649,#2015,.T.);
#1193=EDGE_CURVE('',#1655,#1652,#2016,.T.);
#1194=EDGE_CURVE('',#1653,#1672,#2017,.T.);
#1195=EDGE_CURVE('',#1677,#1671,#2018,.T.);
#1196=EDGE_CURVE('',#1677,#1676,#2019,.T.);
#1197=EDGE_CURVE('',#1651,#1656,#2020,.T.);
#1198=EDGE_CURVE('',#1661,#1666,#2021,.T.);
#1199=EDGE_CURVE('',#1678,#1679,#2022,.T.);
#1200=EDGE_CURVE('',#1679,#1680,#2023,.T.);
#1201=EDGE_CURVE('',#1680,#1681,#2024,.T.);
#1202=EDGE_CURVE('',#1681,#1682,#2025,.T.);
#1203=EDGE_CURVE('',#1682,#1683,#2026,.T.);
#1204=EDGE_CURVE('',#1683,#1684,#2027,.T.);
#1205=EDGE_CURVE('',#1685,#1684,#2028,.T.);
#1206=EDGE_CURVE('',#1686,#1685,#2029,.T.);
#1207=EDGE_CURVE('',#1686,#1687,#2030,.T.);
#1208=EDGE_CURVE('',#1688,#1687,#2031,.T.);
#1209=EDGE_CURVE('',#1689,#1688,#2032,.T.);
#1210=EDGE_CURVE('',#1689,#1690,#2033,.T.);
#1211=EDGE_CURVE('',#1690,#1691,#2034,.T.);
#1212=EDGE_CURVE('',#1691,#1692,#2035,.T.);
#1213=EDGE_CURVE('',#1692,#1693,#2036,.T.);
#1214=EDGE_CURVE('',#1693,#1678,#2037,.T.);
#1215=EDGE_CURVE('',#1694,#1691,#2038,.T.);
#1216=EDGE_CURVE('',#1695,#1690,#2039,.T.);
#1217=EDGE_CURVE('',#1695,#1696,#2040,.T.);
#1218=EDGE_CURVE('',#1697,#1696,#2041,.T.);
#1219=EDGE_CURVE('',#1697,#1698,#2042,.T.);
#1220=EDGE_CURVE('',#1698,#1699,#2043,.T.);
#1221=EDGE_CURVE('',#1699,#1700,#2044,.T.);
#1222=EDGE_CURVE('',#1700,#1701,#2045,.T.);
#1223=EDGE_CURVE('',#1701,#1694,#2046,.T.);
#1224=EDGE_CURVE('',#1702,#1703,#2047,.T.);
#1225=EDGE_CURVE('',#1702,#1704,#2048,.T.);
#1226=EDGE_CURVE('',#1704,#1705,#2049,.T.);
#1227=EDGE_CURVE('',#1703,#1705,#2050,.T.);
#1228=EDGE_CURVE('',#1706,#1707,#2051,.T.);
#1229=EDGE_CURVE('',#1707,#1708,#2052,.T.);
#1230=EDGE_CURVE('',#1709,#1708,#2053,.T.);
#1231=EDGE_CURVE('',#1709,#1706,#2054,.T.);
#1232=EDGE_CURVE('',#1710,#1711,#2055,.T.);
#1233=EDGE_CURVE('',#1711,#1701,#2056,.T.);
#1234=EDGE_CURVE('',#1700,#1710,#2057,.T.);
#1235=EDGE_CURVE('',#1712,#1713,#2058,.T.);
#1236=EDGE_CURVE('',#1698,#1712,#2059,.T.);
#1237=EDGE_CURVE('',#1713,#1697,#2060,.T.);
#1238=EDGE_CURVE('',#1714,#1715,#2061,.T.);
#1239=EDGE_CURVE('',#1716,#1714,#2062,.T.);
#1240=EDGE_CURVE('',#1717,#1716,#2063,.T.);
#1241=EDGE_CURVE('',#1715,#1717,#2064,.T.);
#1242=EDGE_CURVE('',#1718,#1719,#2065,.T.);
#1243=EDGE_CURVE('',#1720,#1718,#2066,.T.);
#1244=EDGE_CURVE('',#1721,#1720,#2067,.T.);
#1245=EDGE_CURVE('',#1719,#1721,#2068,.T.);
#1246=EDGE_CURVE('',#1722,#1723,#2069,.T.);
#1247=EDGE_CURVE('',#1724,#1722,#2070,.T.);
#1248=EDGE_CURVE('',#1725,#1724,#2071,.T.);
#1249=EDGE_CURVE('',#1723,#1725,#2072,.T.);
#1250=EDGE_CURVE('',#1679,#1726,#2073,.T.);
#1251=EDGE_CURVE('',#1727,#1678,#2074,.T.);
#1252=EDGE_CURVE('',#1727,#1711,#2075,.T.);
#1253=EDGE_CURVE('',#1710,#1728,#2076,.T.);
#1254=EDGE_CURVE('',#1717,#1728,#2077,.T.);
#1255=EDGE_CURVE('',#1716,#1729,#2078,.T.);
#1256=EDGE_CURVE('',#1729,#1709,#2079,.T.);
#1257=EDGE_CURVE('',#1708,#1726,#2080,.T.);
#1258=EDGE_CURVE('',#1730,#1731,#2081,.T.);
#1259=EDGE_CURVE('',#1731,#1732,#2082,.T.);
#1260=EDGE_CURVE('',#1733,#1732,#2083,.T.);
#1261=EDGE_CURVE('',#1730,#1733,#2084,.T.);
#1262=EDGE_CURVE('',#1734,#1683,#2085,.T.);
#1263=EDGE_CURVE('',#1735,#1682,#2086,.T.);
#1264=EDGE_CURVE('',#1735,#1707,#2087,.T.);
#1265=EDGE_CURVE('',#1706,#1736,#2088,.T.);
#1266=EDGE_CURVE('',#1721,#1736,#2089,.T.);
#1267=EDGE_CURVE('',#1720,#1737,#2090,.T.);
#1268=EDGE_CURVE('',#1737,#1734,#2091,.T.);
#1269=EDGE_CURVE('',#1729,#1738,#2092,.T.);
#1270=EDGE_CURVE('',#1738,#1739,#2093,.T.);
#1271=EDGE_CURVE('',#1739,#1740,#2094,.T.);
#1272=EDGE_CURVE('',#1740,#1736,#2095,.T.);
#1273=EDGE_CURVE('',#1737,#1741,#2096,.T.);
#1274=EDGE_CURVE('',#1741,#1742,#2097,.T.);
#1275=EDGE_CURVE('',#1734,#1742,#2098,.T.);
#1276=EDGE_CURVE('',#1743,#1744,#2099,.T.);
#1277=EDGE_CURVE('',#1744,#1696,#2100,.T.);
#1278=EDGE_CURVE('',#1743,#1695,#2101,.T.);
#1279=EDGE_CURVE('',#1699,#1745,#2102,.T.);
#1280=EDGE_CURVE('',#1745,#1746,#2103,.T.);
#1281=EDGE_CURVE('',#1746,#1747,#2104,.T.);
#1282=EDGE_CURVE('',#1747,#1728,#2105,.T.);
#1283=EDGE_CURVE('',#1684,#1748,#2106,.T.);
#1284=EDGE_CURVE('',#1742,#1725,#2107,.T.);
#1285=EDGE_CURVE('',#1725,#1749,#2108,.T.);
#1286=EDGE_CURVE('',#1749,#1748,#2109,.T.);
#1287=EDGE_CURVE('',#1750,#1751,#2110,.T.);
#1288=EDGE_CURVE('',#1751,#1752,#2111,.T.);
#1289=EDGE_CURVE('',#1753,#1752,#2112,.T.);
#1290=EDGE_CURVE('',#1750,#1753,#2113,.T.);
#1291=EDGE_CURVE('',#1687,#1754,#2114,.T.);
#1292=EDGE_CURVE('',#1755,#1686,#2115,.T.);
#1293=EDGE_CURVE('',#1755,#1749,#2116,.T.);
#1294=EDGE_CURVE('',#1724,#1756,#2117,.T.);
#1295=EDGE_CURVE('',#1756,#1754,#2118,.T.);
#1296=EDGE_CURVE('',#1757,#1689,#2119,.T.);
#1297=EDGE_CURVE('',#1757,#1756,#2120,.T.);
#1298=EDGE_CURVE('',#1743,#1724,#2121,.T.);
#1299=EDGE_CURVE('',#1714,#1738,#2122,.T.);
#1300=EDGE_CURVE('',#1715,#1747,#2123,.T.);
#1301=EDGE_CURVE('',#1758,#1746,#2124,.T.);
#1302=EDGE_CURVE('',#1758,#1759,#2125,.T.);
#1303=EDGE_CURVE('',#1759,#1739,#2126,.T.);
#1304=EDGE_CURVE('',#1759,#1760,#2127,.T.);
#1305=EDGE_CURVE('',#1760,#1723,#2128,.T.);
#1306=EDGE_CURVE('',#1718,#1741,#2129,.T.);
#1307=EDGE_CURVE('',#1719,#1740,#2130,.T.);
#1308=EDGE_CURVE('',#1713,#1744,#2131,.T.);
#1309=EDGE_CURVE('',#1761,#1722,#2132,.T.);
#1310=EDGE_CURVE('',#1761,#1758,#2133,.T.);
#1311=EDGE_CURVE('',#1712,#1745,#2134,.T.);
#1312=EDGE_CURVE('',#1760,#1761,#2135,.T.);
#1313=EDGE_CURVE('',#1762,#1748,#2136,.T.);
#1314=EDGE_CURVE('',#1762,#1685,#2137,.T.);
#1315=EDGE_CURVE('',#1755,#1762,#2138,.T.);
#1316=EDGE_CURVE('',#1763,#1688,#2139,.T.);
#1317=EDGE_CURVE('',#1757,#1763,#2140,.T.);
#1318=EDGE_CURVE('',#1763,#1754,#2141,.T.);
#1319=EDGE_CURVE('',#1764,#1692,#2142,.T.);
#1320=EDGE_CURVE('',#1764,#1765,#2143,.T.);
#1321=EDGE_CURVE('',#1765,#1693,#2144,.T.);
#1322=EDGE_CURVE('',#1694,#1764,#2145,.T.);
#1323=EDGE_CURVE('',#1765,#1727,#2146,.T.);
#1324=EDGE_CURVE('',#1766,#1735,#2147,.T.);
#1325=EDGE_CURVE('',#1767,#1766,#2148,.T.);
#1326=EDGE_CURVE('',#1726,#1767,#2149,.T.);
#1327=EDGE_CURVE('',#1767,#1680,#2150,.T.);
#1328=EDGE_CURVE('',#1766,#1681,#2151,.T.);
#1329=EDGE_CURVE('',#1732,#1768,#2152,.T.);
#1330=EDGE_CURVE('',#1731,#1769,#2153,.T.);
#1331=EDGE_CURVE('',#1769,#1768,#2154,.T.);
#1332=EDGE_CURVE('',#1768,#1770,#2155,.T.);
#1333=EDGE_CURVE('',#1769,#1771,#2156,.T.);
#1334=EDGE_CURVE('',#1771,#1770,#2157,.T.);
#1335=EDGE_CURVE('',#1770,#1733,#2158,.T.);
#1336=EDGE_CURVE('',#1771,#1730,#2159,.T.);
#1337=EDGE_CURVE('',#1772,#1703,#2160,.T.);
#1338=EDGE_CURVE('',#1773,#1772,#2161,.T.);
#1339=EDGE_CURVE('',#1773,#1702,#2162,.T.);
#1340=EDGE_CURVE('',#1705,#1774,#2163,.T.);
#1341=EDGE_CURVE('',#1704,#1775,#2164,.T.);
#1342=EDGE_CURVE('',#1775,#1774,#2165,.T.);
#1343=EDGE_CURVE('',#1774,#1772,#2166,.T.);
#1344=EDGE_CURVE('',#1775,#1773,#2167,.T.);
#1345=EDGE_CURVE('',#1752,#1776,#2168,.T.);
#1346=EDGE_CURVE('',#1751,#1777,#2169,.T.);
#1347=EDGE_CURVE('',#1777,#1776,#2170,.T.);
#1348=EDGE_CURVE('',#1776,#1778,#2171,.T.);
#1349=EDGE_CURVE('',#1777,#1779,#2172,.T.);
#1350=EDGE_CURVE('',#1779,#1778,#2173,.T.);
#1351=EDGE_CURVE('',#1778,#1753,#2174,.T.);
#1352=EDGE_CURVE('',#1779,#1750,#2175,.T.);
#1353=EDGE_CURVE('',#1780,#1668,#2176,.T.);
#1354=EDGE_CURVE('',#1781,#1780,#2177,.T.);
#1355=EDGE_CURVE('',#1781,#1670,#2178,.T.);
#1356=EDGE_CURVE('',#1780,#1676,#2179,.T.);
#1357=EDGE_CURVE('',#1677,#1781,#2180,.T.);
#1358=EDGE_CURVE('',#1782,#1782,#61,.T.);
#1359=EDGE_CURVE('',#1783,#1783,#62,.T.);
#1360=EDGE_CURVE('',#1784,#1784,#63,.T.);
#1361=EDGE_CURVE('',#1785,#1785,#64,.T.);
#1362=EDGE_CURVE('',#1786,#1786,#65,.T.);
#1363=EDGE_CURVE('',#1787,#1787,#66,.T.);
#1364=EDGE_CURVE('',#1788,#1788,#67,.T.);
#1365=EDGE_CURVE('',#1789,#1789,#68,.T.);
#1366=EDGE_CURVE('',#1790,#1790,#69,.T.);
#1367=EDGE_CURVE('',#1791,#1792,#2181,.T.);
#1368=EDGE_CURVE('',#1793,#1792,#2182,.T.);
#1369=EDGE_CURVE('',#1793,#1794,#2183,.T.);
#1370=EDGE_CURVE('',#1795,#1794,#70,.T.);
#1371=EDGE_CURVE('',#1795,#1796,#2184,.T.);
#1372=EDGE_CURVE('',#1796,#1797,#2185,.T.);
#1373=EDGE_CURVE('',#1797,#1798,#2186,.T.);
#1374=EDGE_CURVE('',#1798,#1791,#71,.T.);
#1375=EDGE_CURVE('',#1799,#1800,#2187,.T.);
#1376=EDGE_CURVE('',#1801,#1800,#2188,.T.);
#1377=EDGE_CURVE('',#1801,#1802,#72,.T.);
#1378=EDGE_CURVE('',#1803,#1802,#2189,.T.);
#1379=EDGE_CURVE('',#1804,#1803,#2190,.T.);
#1380=EDGE_CURVE('',#1805,#1804,#2191,.T.);
#1381=EDGE_CURVE('',#1806,#1805,#73,.T.);
#1382=EDGE_CURVE('',#1799,#1806,#2192,.T.);
#1383=EDGE_CURVE('',#1807,#1808,#2193,.T.);
#1384=EDGE_CURVE('',#1808,#1809,#2194,.F.);
#1385=EDGE_CURVE('',#1809,#1810,#2195,.T.);
#1386=EDGE_CURVE('',#1810,#1811,#74,.T.);
#1387=EDGE_CURVE('',#1811,#1812,#2196,.T.);
#1388=EDGE_CURVE('',#1813,#1812,#2197,.T.);
#1389=EDGE_CURVE('',#1813,#1814,#2198,.T.);
#1390=EDGE_CURVE('',#1807,#1814,#75,.T.);
#1391=EDGE_CURVE('',#1815,#1816,#2199,.F.);
#1392=EDGE_CURVE('',#1817,#1815,#2200,.T.);
#1393=EDGE_CURVE('',#1818,#1817,#76,.T.);
#1394=EDGE_CURVE('',#1819,#1818,#2201,.T.);
#1395=EDGE_CURVE('',#1819,#1820,#2202,.T.);
#1396=EDGE_CURVE('',#1821,#1820,#2203,.T.);
#1397=EDGE_CURVE('',#1821,#1822,#77,.T.);
#1398=EDGE_CURVE('',#1816,#1822,#2204,.T.);
#1399=EDGE_CURVE('',#1823,#1824,#2205,.T.);
#1400=EDGE_CURVE('',#1823,#1797,#2206,.T.);
#1401=EDGE_CURVE('',#1797,#1825,#2207,.T.);
#1402=EDGE_CURVE('',#1824,#1825,#2208,.T.);
#1403=EDGE_CURVE('',#1826,#1827,#78,.T.);
#1404=EDGE_CURVE('',#1826,#1828,#2209,.T.);
#1405=EDGE_CURVE('',#1828,#1829,#79,.T.);
#1406=EDGE_CURVE('',#1827,#1829,#2210,.T.);
#1407=EDGE_CURVE('',#1824,#1830,#2211,.T.);
#1408=EDGE_CURVE('',#1825,#1831,#2212,.T.);
#1409=EDGE_CURVE('',#1830,#1831,#2213,.T.);
#1410=EDGE_CURVE('',#1830,#1826,#2214,.T.);
#1411=EDGE_CURVE('',#1831,#1828,#2215,.T.);
#1412=EDGE_CURVE('',#1815,#1832,#80,.F.);
#1413=EDGE_CURVE('',#1833,#1832,#2216,.T.);
#1414=EDGE_CURVE('',#1833,#1792,#81,.F.);
#1415=EDGE_CURVE('',#1791,#1834,#2217,.T.);
#1416=EDGE_CURVE('',#1835,#1834,#2218,.T.);
#1417=EDGE_CURVE('',#1836,#1835,#2219,.T.);
#1418=EDGE_CURVE('',#1837,#1836,#2220,.T.);
#1419=EDGE_CURVE('',#1838,#1837,#2221,.T.);
#1420=EDGE_CURVE('',#1839,#1838,#2222,.T.);
#1421=EDGE_CURVE('',#1839,#1817,#2223,.T.);
#1422=EDGE_CURVE('',#1840,#1841,#2224,.T.);
#1423=EDGE_CURVE('',#1842,#1840,#2225,.T.);
#1424=EDGE_CURVE('',#1843,#1842,#2226,.T.);
#1425=EDGE_CURVE('',#1841,#1843,#2227,.T.);
#1426=EDGE_CURVE('',#1844,#1845,#2228,.T.);
#1427=EDGE_CURVE('',#1844,#1816,#82,.F.);
#1428=EDGE_CURVE('',#1846,#1822,#2229,.T.);
#1429=EDGE_CURVE('',#1847,#1846,#2230,.T.);
#1430=EDGE_CURVE('',#1848,#1847,#2231,.T.);
#1431=EDGE_CURVE('',#1849,#1848,#2232,.T.);
#1432=EDGE_CURVE('',#1850,#1849,#2233,.T.);
#1433=EDGE_CURVE('',#1851,#1850,#2234,.T.);
#1434=EDGE_CURVE('',#1794,#1851,#2235,.T.);
#1435=EDGE_CURVE('',#1793,#1845,#83,.F.);
#1436=EDGE_CURVE('',#1852,#1853,#2236,.T.);
#1437=EDGE_CURVE('',#1854,#1852,#2237,.T.);
#1438=EDGE_CURVE('',#1855,#1854,#2238,.T.);
#1439=EDGE_CURVE('',#1853,#1855,#2239,.T.);
#1440=EDGE_CURVE('',#1800,#1856,#84,.F.);
#1441=EDGE_CURVE('',#1857,#1856,#2240,.T.);
#1442=EDGE_CURVE('',#1857,#1808,#85,.F.);
#1443=EDGE_CURVE('',#1807,#1858,#2241,.T.);
#1444=EDGE_CURVE('',#1859,#1858,#2242,.T.);
#1445=EDGE_CURVE('',#1860,#1859,#2243,.T.);
#1446=EDGE_CURVE('',#1861,#1860,#2244,.T.);
#1447=EDGE_CURVE('',#1862,#1861,#2245,.T.);
#1448=EDGE_CURVE('',#1863,#1862,#2246,.T.);
#1449=EDGE_CURVE('',#1863,#1801,#2247,.T.);
#1450=EDGE_CURVE('',#1864,#1865,#2248,.T.);
#1451=EDGE_CURVE('',#1866,#1864,#2249,.T.);
#1452=EDGE_CURVE('',#1867,#1866,#2250,.T.);
#1453=EDGE_CURVE('',#1865,#1867,#2251,.T.);
#1454=EDGE_CURVE('',#1868,#1869,#2252,.T.);
#1455=EDGE_CURVE('',#1868,#1799,#86,.F.);
#1456=EDGE_CURVE('',#1870,#1806,#2253,.T.);
#1457=EDGE_CURVE('',#1871,#1870,#2254,.T.);
#1458=EDGE_CURVE('',#1872,#1871,#2255,.T.);
#1459=EDGE_CURVE('',#1873,#1872,#2256,.T.);
#1460=EDGE_CURVE('',#1874,#1873,#2257,.T.);
#1461=EDGE_CURVE('',#1875,#1874,#2258,.T.);
#1462=EDGE_CURVE('',#1810,#1875,#2259,.T.);
#1463=EDGE_CURVE('',#1809,#1869,#87,.F.);
#1464=EDGE_CURVE('',#1876,#1877,#2260,.T.);
#1465=EDGE_CURVE('',#1878,#1876,#2261,.T.);
#1466=EDGE_CURVE('',#1879,#1878,#2262,.T.);
#1467=EDGE_CURVE('',#1877,#1879,#2263,.T.);
#1468=EDGE_CURVE('',#1798,#1880,#2264,.T.);
#1469=EDGE_CURVE('',#1880,#1834,#88,.T.);
#1470=EDGE_CURVE('',#1875,#1881,#89,.T.);
#1471=EDGE_CURVE('',#1811,#1881,#2265,.T.);
#1472=EDGE_CURVE('',#1882,#1821,#2266,.T.);
#1473=EDGE_CURVE('',#1882,#1846,#90,.T.);
#1474=EDGE_CURVE('',#1851,#1883,#91,.T.);
#1475=EDGE_CURVE('',#1795,#1883,#2267,.T.);
#1476=EDGE_CURVE('',#1863,#1884,#92,.T.);
#1477=EDGE_CURVE('',#1884,#1802,#2268,.T.);
#1478=EDGE_CURVE('',#1814,#1885,#2269,.T.);
#1479=EDGE_CURVE('',#1885,#1858,#93,.T.);
#1480=EDGE_CURVE('',#1886,#1887,#2270,.T.);
#1481=EDGE_CURVE('',#1887,#1888,#2271,.T.);
#1482=EDGE_CURVE('',#1888,#1889,#2272,.T.);
#1483=EDGE_CURVE('',#1827,#1889,#2273,.T.);
#1484=EDGE_CURVE('',#1829,#1796,#2274,.T.);
#1485=EDGE_CURVE('',#1890,#1883,#2275,.T.);
#1486=EDGE_CURVE('',#1891,#1890,#94,.T.);
#1487=EDGE_CURVE('',#1882,#1891,#2276,.T.);
#1488=EDGE_CURVE('',#1820,#1892,#2277,.T.);
#1489=EDGE_CURVE('',#1892,#1893,#2278,.T.);
#1490=EDGE_CURVE('',#1803,#1893,#2279,.T.);
#1491=EDGE_CURVE('',#1894,#1884,#2280,.T.);
#1492=EDGE_CURVE('',#1895,#1894,#95,.T.);
#1493=EDGE_CURVE('',#1885,#1895,#2281,.T.);
#1494=EDGE_CURVE('',#1886,#1813,#2282,.T.);
#1495=EDGE_CURVE('',#1896,#1805,#2283,.T.);
#1496=EDGE_CURVE('',#1896,#1870,#96,.T.);
#1497=EDGE_CURVE('',#1897,#1898,#2284,.T.);
#1498=EDGE_CURVE('',#1897,#1899,#2285,.T.);
#1499=EDGE_CURVE('',#1900,#1899,#2286,.T.);
#1500=EDGE_CURVE('',#1898,#1900,#2287,.T.);
#1501=EDGE_CURVE('',#1901,#1902,#2288,.T.);
#1502=EDGE_CURVE('',#1901,#1903,#2289,.T.);
#1503=EDGE_CURVE('',#1903,#1904,#2290,.T.);
#1504=EDGE_CURVE('',#1902,#1904,#2291,.T.);
#1505=EDGE_CURVE('',#1905,#1906,#97,.T.);
#1506=EDGE_CURVE('',#1906,#1880,#2292,.T.);
#1507=EDGE_CURVE('',#1907,#1823,#2293,.T.);
#1508=EDGE_CURVE('',#1812,#1907,#2294,.T.);
#1509=EDGE_CURVE('',#1881,#1908,#2295,.T.);
#1510=EDGE_CURVE('',#1908,#1909,#98,.T.);
#1511=EDGE_CURVE('',#1909,#1896,#2296,.T.);
#1512=EDGE_CURVE('',#1804,#1819,#2297,.T.);
#1513=EDGE_CURVE('',#1910,#1818,#2298,.T.);
#1514=EDGE_CURVE('',#1910,#1905,#2299,.T.);
#1515=EDGE_CURVE('',#1839,#1910,#99,.T.);
#1516=EDGE_CURVE('',#1908,#1895,#2300,.T.);
#1517=EDGE_CURVE('',#1874,#1859,#2301,.T.);
#1518=EDGE_CURVE('',#1871,#1862,#2302,.T.);
#1519=EDGE_CURVE('',#1909,#1894,#2303,.T.);
#1520=EDGE_CURVE('',#1872,#1861,#2304,.T.);
#1521=EDGE_CURVE('',#1873,#1860,#2305,.T.);
#1522=EDGE_CURVE('',#1850,#1835,#2306,.T.);
#1523=EDGE_CURVE('',#1849,#1836,#2307,.T.);
#1524=EDGE_CURVE('',#1848,#1837,#2308,.T.);
#1525=EDGE_CURVE('',#1847,#1838,#2309,.T.);
#1526=EDGE_CURVE('',#1905,#1891,#2310,.T.);
#1527=EDGE_CURVE('',#1906,#1890,#2311,.T.);
#1528=EDGE_CURVE('',#1878,#1867,#2312,.T.);
#1529=EDGE_CURVE('',#1876,#1865,#2313,.T.);
#1530=EDGE_CURVE('',#1879,#1866,#2314,.T.);
#1531=EDGE_CURVE('',#1877,#1864,#2315,.T.);
#1532=EDGE_CURVE('',#1852,#1841,#2316,.T.);
#1533=EDGE_CURVE('',#1853,#1840,#2317,.T.);
#1534=EDGE_CURVE('',#1855,#1842,#2318,.T.);
#1535=EDGE_CURVE('',#1854,#1843,#2319,.T.);
#1536=EDGE_CURVE('',#1911,#1804,#2320,.T.);
#1537=EDGE_CURVE('',#1912,#1911,#2321,.T.);
#1538=EDGE_CURVE('',#1912,#1819,#2322,.T.);
#1539=EDGE_CURVE('',#1893,#1913,#100,.T.);
#1540=EDGE_CURVE('',#1892,#1914,#101,.T.);
#1541=EDGE_CURVE('',#1914,#1913,#2323,.T.);
#1542=EDGE_CURVE('',#1913,#1915,#2324,.T.);
#1543=EDGE_CURVE('',#1914,#1916,#2325,.T.);
#1544=EDGE_CURVE('',#1916,#1915,#2326,.T.);
#1545=EDGE_CURVE('',#1915,#1911,#2327,.T.);
#1546=EDGE_CURVE('',#1916,#1912,#2328,.T.);
#1547=EDGE_CURVE('',#1907,#1917,#2329,.T.);
#1548=EDGE_CURVE('',#1918,#1917,#2330,.T.);
#1549=EDGE_CURVE('',#1812,#1918,#2331,.T.);
#1550=EDGE_CURVE('',#1919,#1920,#2332,.T.);
#1551=EDGE_CURVE('',#1920,#1887,#102,.T.);
#1552=EDGE_CURVE('',#1919,#1886,#103,.T.);
#1553=EDGE_CURVE('',#1917,#1921,#2333,.T.);
#1554=EDGE_CURVE('',#1922,#1921,#2334,.T.);
#1555=EDGE_CURVE('',#1918,#1922,#2335,.T.);
#1556=EDGE_CURVE('',#1921,#1920,#2336,.T.);
#1557=EDGE_CURVE('',#1922,#1919,#2337,.T.);
#1558=EDGE_CURVE('',#1889,#1823,#2338,.T.);
#1559=EDGE_CURVE('',#1888,#1907,#2339,.T.);
#1560=EDGE_CURVE('',#1844,#1832,#2340,.T.);
#1561=EDGE_CURVE('',#1845,#1833,#2341,.T.);
#1562=EDGE_CURVE('',#1868,#1856,#2342,.T.);
#1563=EDGE_CURVE('',#1869,#1857,#2343,.T.);
#1564=EDGE_CURVE('',#1923,#1924,#104,.T.);
#1565=EDGE_CURVE('',#1925,#1924,#2344,.T.);
#1566=EDGE_CURVE('',#1926,#1925,#105,.T.);
#1567=EDGE_CURVE('',#1926,#1923,#2345,.T.);
#1568=EDGE_CURVE('',#1927,#1924,#106,.T.);
#1569=EDGE_CURVE('',#1928,#1927,#2346,.T.);
#1570=EDGE_CURVE('',#1928,#1925,#107,.T.);
#1571=EDGE_CURVE('',#1927,#1929,#108,.T.);
#1572=EDGE_CURVE('',#1930,#1929,#2347,.T.);
#1573=EDGE_CURVE('',#1928,#1930,#109,.T.);
#1574=EDGE_CURVE('',#1929,#1931,#2348,.T.);
#1575=EDGE_CURVE('',#1931,#1932,#110,.F.);
#1576=EDGE_CURVE('',#1930,#1932,#2349,.T.);
#1577=EDGE_CURVE('',#1933,#1934,#2350,.T.);
#1578=EDGE_CURVE('',#1933,#1935,#111,.F.);
#1579=EDGE_CURVE('',#1935,#1936,#2351,.T.);
#1580=EDGE_CURVE('',#1934,#1936,#2352,.T.);
#1581=EDGE_CURVE('',#1937,#1936,#112,.T.);
#1582=EDGE_CURVE('',#1938,#1937,#2353,.T.);
#1583=EDGE_CURVE('',#1938,#1934,#113,.T.);
#1584=EDGE_CURVE('',#1937,#1939,#114,.T.);
#1585=EDGE_CURVE('',#1940,#1939,#2354,.T.);
#1586=EDGE_CURVE('',#1938,#1940,#115,.T.);
#1587=EDGE_CURVE('',#1941,#1939,#116,.T.);
#1588=EDGE_CURVE('',#1942,#1941,#2355,.T.);
#1589=EDGE_CURVE('',#1942,#1940,#117,.T.);
#1590=EDGE_CURVE('',#1932,#1933,#2356,.T.);
#1591=EDGE_CURVE('',#1942,#1899,#2357,.T.);
#1592=EDGE_CURVE('',#1897,#1926,#2358,.T.);
#1593=EDGE_CURVE('',#1931,#1935,#2359,.T.);
#1594=EDGE_CURVE('',#1898,#1923,#2360,.T.);
#1595=EDGE_CURVE('',#1941,#1900,#2361,.T.);
#1596=EDGE_CURVE('',#1901,#1943,#2362,.T.);
#1597=EDGE_CURVE('',#1902,#1944,#2363,.T.);
#1598=EDGE_CURVE('',#1943,#1944,#2364,.T.);
#1599=EDGE_CURVE('',#1945,#1946,#2365,.T.);
#1600=EDGE_CURVE('',#1946,#1947,#2366,.T.);
#1601=EDGE_CURVE('',#1947,#1948,#118,.T.);
#1602=EDGE_CURVE('',#1949,#1948,#119,.T.);
#1603=EDGE_CURVE('',#1949,#1950,#120,.T.);
#1604=EDGE_CURVE('',#1950,#1903,#2367,.T.);
#1605=EDGE_CURVE('',#1951,#1943,#121,.T.);
#1606=EDGE_CURVE('',#1951,#1952,#122,.T.);
#1607=EDGE_CURVE('',#1953,#1952,#123,.T.);
#1608=EDGE_CURVE('',#1953,#1945,#2368,.T.);
#1609=EDGE_CURVE('',#1954,#1955,#2369,.T.);
#1610=EDGE_CURVE('',#1956,#1954,#2370,.T.);
#1611=EDGE_CURVE('',#1957,#1956,#2371,.T.);
#1612=EDGE_CURVE('',#1957,#1958,#124,.T.);
#1613=EDGE_CURVE('',#1959,#1958,#125,.T.);
#1614=EDGE_CURVE('',#1959,#1944,#126,.T.);
#1615=EDGE_CURVE('',#1960,#1904,#2372,.T.);
#1616=EDGE_CURVE('',#1961,#1960,#127,.T.);
#1617=EDGE_CURVE('',#1961,#1962,#128,.T.);
#1618=EDGE_CURVE('',#1955,#1962,#129,.T.);
#1619=EDGE_CURVE('',#1950,#1960,#2373,.T.);
#1620=EDGE_CURVE('',#1949,#1961,#2374,.T.);
#1621=EDGE_CURVE('',#1948,#1962,#2375,.T.);
#1622=EDGE_CURVE('',#1947,#1955,#2376,.T.);
#1623=EDGE_CURVE('',#1946,#1954,#130,.F.);
#1624=EDGE_CURVE('',#1956,#1945,#131,.F.);
#1625=EDGE_CURVE('',#1953,#1957,#2377,.T.);
#1626=EDGE_CURVE('',#1952,#1958,#2378,.T.);
#1627=EDGE_CURVE('',#1951,#1959,#2379,.T.);
#1628=EDGE_CURVE('',#1963,#1964,#2380,.T.);
#1629=EDGE_CURVE('',#1965,#1964,#2381,.T.);
#1630=EDGE_CURVE('',#1966,#1965,#2382,.T.);
#1631=EDGE_CURVE('',#1966,#1963,#2383,.T.);
#1632=EDGE_CURVE('',#1964,#1967,#2384,.T.);
#1633=EDGE_CURVE('',#1968,#1967,#2385,.T.);
#1634=EDGE_CURVE('',#1965,#1968,#2386,.T.);
#1635=EDGE_CURVE('',#1967,#1969,#2387,.T.);
#1636=EDGE_CURVE('',#1970,#1969,#2388,.T.);
#1637=EDGE_CURVE('',#1968,#1970,#2389,.T.);
#1638=EDGE_CURVE('',#1969,#1963,#2390,.T.);
#1639=EDGE_CURVE('',#1970,#1966,#2391,.T.);
#1640=EDGE_CURVE('',#1971,#1971,#132,.T.);
#1641=EDGE_CURVE('',#1972,#1972,#133,.T.);
#1642=EDGE_CURVE('',#1973,#1973,#134,.T.);
#1643=EDGE_CURVE('',#1974,#1974,#135,.T.);
#1644=EDGE_CURVE('',#1975,#1975,#136,.T.);
#1645=EDGE_CURVE('',#1976,#1976,#137,.T.);
#1646=EDGE_CURVE('',#1977,#1977,#138,.T.);
#1647=EDGE_CURVE('',#1978,#1978,#139,.T.);
#1648=VERTEX_POINT('',#4859);
#1649=VERTEX_POINT('',#4860);
#1650=VERTEX_POINT('',#4862);
#1651=VERTEX_POINT('',#4864);
#1652=VERTEX_POINT('',#4866);
#1653=VERTEX_POINT('',#4870);
#1654=VERTEX_POINT('',#4871);
#1655=VERTEX_POINT('',#4873);
#1656=VERTEX_POINT('',#4875);
#1657=VERTEX_POINT('',#4877);
#1658=VERTEX_POINT('',#4881);
#1659=VERTEX_POINT('',#4882);
#1660=VERTEX_POINT('',#4884);
#1661=VERTEX_POINT('',#4886);
#1662=VERTEX_POINT('',#4888);
#1663=VERTEX_POINT('',#4892);
#1664=VERTEX_POINT('',#4893);
#1665=VERTEX_POINT('',#4895);
#1666=VERTEX_POINT('',#4897);
#1667=VERTEX_POINT('',#4899);
#1668=VERTEX_POINT('',#4903);
#1669=VERTEX_POINT('',#4904);
#1670=VERTEX_POINT('',#4906);
#1671=VERTEX_POINT('',#4908);
#1672=VERTEX_POINT('',#4910);
#1673=VERTEX_POINT('',#4912);
#1674=VERTEX_POINT('',#4914);
#1675=VERTEX_POINT('',#4916);
#1676=VERTEX_POINT('',#4930);
#1677=VERTEX_POINT('',#4935);
#1678=VERTEX_POINT('',#4943);
#1679=VERTEX_POINT('',#4944);
#1680=VERTEX_POINT('',#4946);
#1681=VERTEX_POINT('',#4948);
#1682=VERTEX_POINT('',#4950);
#1683=VERTEX_POINT('',#4952);
#1684=VERTEX_POINT('',#4954);
#1685=VERTEX_POINT('',#4956);
#1686=VERTEX_POINT('',#4958);
#1687=VERTEX_POINT('',#4960);
#1688=VERTEX_POINT('',#4962);
#1689=VERTEX_POINT('',#4964);
#1690=VERTEX_POINT('',#4966);
#1691=VERTEX_POINT('',#4968);
#1692=VERTEX_POINT('',#4970);
#1693=VERTEX_POINT('',#4972);
#1694=VERTEX_POINT('',#4976);
#1695=VERTEX_POINT('',#4978);
#1696=VERTEX_POINT('',#4980);
#1697=VERTEX_POINT('',#4982);
#1698=VERTEX_POINT('',#4984);
#1699=VERTEX_POINT('',#4986);
#1700=VERTEX_POINT('',#4988);
#1701=VERTEX_POINT('',#4990);
#1702=VERTEX_POINT('',#4993);
#1703=VERTEX_POINT('',#4994);
#1704=VERTEX_POINT('',#4996);
#1705=VERTEX_POINT('',#4998);
#1706=VERTEX_POINT('',#5002);
#1707=VERTEX_POINT('',#5003);
#1708=VERTEX_POINT('',#5005);
#1709=VERTEX_POINT('',#5007);
#1710=VERTEX_POINT('',#5011);
#1711=VERTEX_POINT('',#5012);
#1712=VERTEX_POINT('',#5017);
#1713=VERTEX_POINT('',#5018);
#1714=VERTEX_POINT('',#5023);
#1715=VERTEX_POINT('',#5024);
#1716=VERTEX_POINT('',#5026);
#1717=VERTEX_POINT('',#5028);
#1718=VERTEX_POINT('',#5032);
#1719=VERTEX_POINT('',#5033);
#1720=VERTEX_POINT('',#5035);
#1721=VERTEX_POINT('',#5037);
#1722=VERTEX_POINT('',#5041);
#1723=VERTEX_POINT('',#5042);
#1724=VERTEX_POINT('',#5044);
#1725=VERTEX_POINT('',#5046);
#1726=VERTEX_POINT('',#5050);
#1727=VERTEX_POINT('',#5052);
#1728=VERTEX_POINT('',#5055);
#1729=VERTEX_POINT('',#5058);
#1730=VERTEX_POINT('',#5063);
#1731=VERTEX_POINT('',#5064);
#1732=VERTEX_POINT('',#5066);
#1733=VERTEX_POINT('',#5068);
#1734=VERTEX_POINT('',#5071);
#1735=VERTEX_POINT('',#5073);
#1736=VERTEX_POINT('',#5076);
#1737=VERTEX_POINT('',#5079);
#1738=VERTEX_POINT('',#5083);
#1739=VERTEX_POINT('',#5085);
#1740=VERTEX_POINT('',#5087);
#1741=VERTEX_POINT('',#5091);
#1742=VERTEX_POINT('',#5093);
#1743=VERTEX_POINT('',#5097);
#1744=VERTEX_POINT('',#5098);
#1745=VERTEX_POINT('',#5103);
#1746=VERTEX_POINT('',#5105);
#1747=VERTEX_POINT('',#5107);
#1748=VERTEX_POINT('',#5111);
#1749=VERTEX_POINT('',#5114);
#1750=VERTEX_POINT('',#5118);
#1751=VERTEX_POINT('',#5119);
#1752=VERTEX_POINT('',#5121);
#1753=VERTEX_POINT('',#5123);
#1754=VERTEX_POINT('',#5126);
#1755=VERTEX_POINT('',#5128);
#1756=VERTEX_POINT('',#5131);
#1757=VERTEX_POINT('',#5135);
#1758=VERTEX_POINT('',#5143);
#1759=VERTEX_POINT('',#5145);
#1760=VERTEX_POINT('',#5149);
#1761=VERTEX_POINT('',#5158);
#1762=VERTEX_POINT('',#5169);
#1763=VERTEX_POINT('',#5176);
#1764=VERTEX_POINT('',#5183);
#1765=VERTEX_POINT('',#5185);
#1766=VERTEX_POINT('',#5194);
#1767=VERTEX_POINT('',#5196);
#1768=VERTEX_POINT('',#5205);
#1769=VERTEX_POINT('',#5207);
#1770=VERTEX_POINT('',#5211);
#1771=VERTEX_POINT('',#5213);
#1772=VERTEX_POINT('',#5222);
#1773=VERTEX_POINT('',#5224);
#1774=VERTEX_POINT('',#5228);
#1775=VERTEX_POINT('',#5230);
#1776=VERTEX_POINT('',#5239);
#1777=VERTEX_POINT('',#5241);
#1778=VERTEX_POINT('',#5245);
#1779=VERTEX_POINT('',#5247);
#1780=VERTEX_POINT('',#5258);
#1781=VERTEX_POINT('',#5260);
#1782=VERTEX_POINT('',#5270);
#1783=VERTEX_POINT('',#5273);
#1784=VERTEX_POINT('',#5276);
#1785=VERTEX_POINT('',#5281);
#1786=VERTEX_POINT('',#5284);
#1787=VERTEX_POINT('',#5287);
#1788=VERTEX_POINT('',#5290);
#1789=VERTEX_POINT('',#5293);
#1790=VERTEX_POINT('',#5296);
#1791=VERTEX_POINT('',#5301);
#1792=VERTEX_POINT('',#5302);
#1793=VERTEX_POINT('',#5304);
#1794=VERTEX_POINT('',#5306);
#1795=VERTEX_POINT('',#5308);
#1796=VERTEX_POINT('',#5310);
#1797=VERTEX_POINT('',#5312);
#1798=VERTEX_POINT('',#5314);
#1799=VERTEX_POINT('',#5318);
#1800=VERTEX_POINT('',#5319);
#1801=VERTEX_POINT('',#5321);
#1802=VERTEX_POINT('',#5323);
#1803=VERTEX_POINT('',#5325);
#1804=VERTEX_POINT('',#5327);
#1805=VERTEX_POINT('',#5329);
#1806=VERTEX_POINT('',#5331);
#1807=VERTEX_POINT('',#5335);
#1808=VERTEX_POINT('',#5336);
#1809=VERTEX_POINT('',#5338);
#1810=VERTEX_POINT('',#5340);
#1811=VERTEX_POINT('',#5342);
#1812=VERTEX_POINT('',#5344);
#1813=VERTEX_POINT('',#5346);
#1814=VERTEX_POINT('',#5348);
#1815=VERTEX_POINT('',#5352);
#1816=VERTEX_POINT('',#5353);
#1817=VERTEX_POINT('',#5355);
#1818=VERTEX_POINT('',#5357);
#1819=VERTEX_POINT('',#5359);
#1820=VERTEX_POINT('',#5361);
#1821=VERTEX_POINT('',#5363);
#1822=VERTEX_POINT('',#5365);
#1823=VERTEX_POINT('',#5369);
#1824=VERTEX_POINT('',#5370);
#1825=VERTEX_POINT('',#5373);
#1826=VERTEX_POINT('',#5377);
#1827=VERTEX_POINT('',#5378);
#1828=VERTEX_POINT('',#5380);
#1829=VERTEX_POINT('',#5382);
#1830=VERTEX_POINT('',#5386);
#1831=VERTEX_POINT('',#5388);
#1832=VERTEX_POINT('',#5395);
#1833=VERTEX_POINT('',#5397);
#1834=VERTEX_POINT('',#5400);
#1835=VERTEX_POINT('',#5402);
#1836=VERTEX_POINT('',#5404);
#1837=VERTEX_POINT('',#5406);
#1838=VERTEX_POINT('',#5408);
#1839=VERTEX_POINT('',#5410);
#1840=VERTEX_POINT('',#5413);
#1841=VERTEX_POINT('',#5414);
#1842=VERTEX_POINT('',#5416);
#1843=VERTEX_POINT('',#5418);
#1844=VERTEX_POINT('',#5422);
#1845=VERTEX_POINT('',#5423);
#1846=VERTEX_POINT('',#5426);
#1847=VERTEX_POINT('',#5428);
#1848=VERTEX_POINT('',#5430);
#1849=VERTEX_POINT('',#5432);
#1850=VERTEX_POINT('',#5434);
#1851=VERTEX_POINT('',#5436);
#1852=VERTEX_POINT('',#5440);
#1853=VERTEX_POINT('',#5441);
#1854=VERTEX_POINT('',#5443);
#1855=VERTEX_POINT('',#5445);
#1856=VERTEX_POINT('',#5449);
#1857=VERTEX_POINT('',#5451);
#1858=VERTEX_POINT('',#5454);
#1859=VERTEX_POINT('',#5456);
#1860=VERTEX_POINT('',#5458);
#1861=VERTEX_POINT('',#5460);
#1862=VERTEX_POINT('',#5462);
#1863=VERTEX_POINT('',#5464);
#1864=VERTEX_POINT('',#5467);
#1865=VERTEX_POINT('',#5468);
#1866=VERTEX_POINT('',#5470);
#1867=VERTEX_POINT('',#5472);
#1868=VERTEX_POINT('',#5476);
#1869=VERTEX_POINT('',#5477);
#1870=VERTEX_POINT('',#5480);
#1871=VERTEX_POINT('',#5482);
#1872=VERTEX_POINT('',#5484);
#1873=VERTEX_POINT('',#5486);
#1874=VERTEX_POINT('',#5488);
#1875=VERTEX_POINT('',#5490);
#1876=VERTEX_POINT('',#5494);
#1877=VERTEX_POINT('',#5495);
#1878=VERTEX_POINT('',#5497);
#1879=VERTEX_POINT('',#5499);
#1880=VERTEX_POINT('',#5503);
#1881=VERTEX_POINT('',#5507);
#1882=VERTEX_POINT('',#5511);
#1883=VERTEX_POINT('',#5515);
#1884=VERTEX_POINT('',#5519);
#1885=VERTEX_POINT('',#5523);
#1886=VERTEX_POINT('',#5527);
#1887=VERTEX_POINT('',#5528);
#1888=VERTEX_POINT('',#5530);
#1889=VERTEX_POINT('',#5532);
#1890=VERTEX_POINT('',#5536);
#1891=VERTEX_POINT('',#5538);
#1892=VERTEX_POINT('',#5541);
#1893=VERTEX_POINT('',#5543);
#1894=VERTEX_POINT('',#5546);
#1895=VERTEX_POINT('',#5548);
#1896=VERTEX_POINT('',#5553);
#1897=VERTEX_POINT('',#5557);
#1898=VERTEX_POINT('',#5558);
#1899=VERTEX_POINT('',#5560);
#1900=VERTEX_POINT('',#5562);
#1901=VERTEX_POINT('',#5565);
#1902=VERTEX_POINT('',#5566);
#1903=VERTEX_POINT('',#5568);
#1904=VERTEX_POINT('',#5570);
#1905=VERTEX_POINT('',#5573);
#1906=VERTEX_POINT('',#5574);
#1907=VERTEX_POINT('',#5577);
#1908=VERTEX_POINT('',#5580);
#1909=VERTEX_POINT('',#5582);
#1910=VERTEX_POINT('',#5586);
#1911=VERTEX_POINT('',#5632);
#1912=VERTEX_POINT('',#5634);
#1913=VERTEX_POINT('',#5638);
#1914=VERTEX_POINT('',#5640);
#1915=VERTEX_POINT('',#5644);
#1916=VERTEX_POINT('',#5646);
#1917=VERTEX_POINT('',#5655);
#1918=VERTEX_POINT('',#5657);
#1919=VERTEX_POINT('',#5661);
#1920=VERTEX_POINT('',#5662);
#1921=VERTEX_POINT('',#5667);
#1922=VERTEX_POINT('',#5669);
#1923=VERTEX_POINT('',#5693);
#1924=VERTEX_POINT('',#5694);
#1925=VERTEX_POINT('',#5696);
#1926=VERTEX_POINT('',#5698);
#1927=VERTEX_POINT('',#5702);
#1928=VERTEX_POINT('',#5704);
#1929=VERTEX_POINT('',#5708);
#1930=VERTEX_POINT('',#5710);
#1931=VERTEX_POINT('',#5714);
#1932=VERTEX_POINT('',#5716);
#1933=VERTEX_POINT('',#5720);
#1934=VERTEX_POINT('',#5721);
#1935=VERTEX_POINT('',#5723);
#1936=VERTEX_POINT('',#5725);
#1937=VERTEX_POINT('',#5729);
#1938=VERTEX_POINT('',#5731);
#1939=VERTEX_POINT('',#5735);
#1940=VERTEX_POINT('',#5737);
#1941=VERTEX_POINT('',#5741);
#1942=VERTEX_POINT('',#5743);
#1943=VERTEX_POINT('',#5757);
#1944=VERTEX_POINT('',#5759);
#1945=VERTEX_POINT('',#5763);
#1946=VERTEX_POINT('',#5764);
#1947=VERTEX_POINT('',#5766);
#1948=VERTEX_POINT('',#5768);
#1949=VERTEX_POINT('',#5770);
#1950=VERTEX_POINT('',#5772);
#1951=VERTEX_POINT('',#5775);
#1952=VERTEX_POINT('',#5777);
#1953=VERTEX_POINT('',#5779);
#1954=VERTEX_POINT('',#5783);
#1955=VERTEX_POINT('',#5784);
#1956=VERTEX_POINT('',#5786);
#1957=VERTEX_POINT('',#5788);
#1958=VERTEX_POINT('',#5790);
#1959=VERTEX_POINT('',#5792);
#1960=VERTEX_POINT('',#5795);
#1961=VERTEX_POINT('',#5797);
#1962=VERTEX_POINT('',#5799);
#1963=VERTEX_POINT('',#5824);
#1964=VERTEX_POINT('',#5825);
#1965=VERTEX_POINT('',#5827);
#1966=VERTEX_POINT('',#5829);
#1967=VERTEX_POINT('',#5833);
#1968=VERTEX_POINT('',#5835);
#1969=VERTEX_POINT('',#5839);
#1970=VERTEX_POINT('',#5841);
#1971=VERTEX_POINT('',#5849);
#1972=VERTEX_POINT('',#5851);
#1973=VERTEX_POINT('',#5854);
#1974=VERTEX_POINT('',#5857);
#1975=VERTEX_POINT('',#5860);
#1976=VERTEX_POINT('',#5864);
#1977=VERTEX_POINT('',#5867);
#1978=VERTEX_POINT('',#5870);
#1979=LINE('',#4858,#2392);
#1980=LINE('',#4861,#2393);
#1981=LINE('',#4863,#2394);
#1982=LINE('',#4865,#2395);
#1983=LINE('',#4867,#2396);
#1984=LINE('',#4869,#2397);
#1985=LINE('',#4872,#2398);
#1986=LINE('',#4874,#2399);
#1987=LINE('',#4876,#2400);
#1988=LINE('',#4878,#2401);
#1989=LINE('',#4880,#2402);
#1990=LINE('',#4883,#2403);
#1991=LINE('',#4885,#2404);
#1992=LINE('',#4887,#2405);
#1993=LINE('',#4889,#2406);
#1994=LINE('',#4891,#2407);
#1995=LINE('',#4894,#2408);
#1996=LINE('',#4896,#2409);
#1997=LINE('',#4898,#2410);
#1998=LINE('',#4900,#2411);
#1999=LINE('',#4902,#2412);
#2000=LINE('',#4905,#2413);
#2001=LINE('',#4907,#2414);
#2002=LINE('',#4909,#2415);
#2003=LINE('',#4911,#2416);
#2004=LINE('',#4913,#2417);
#2005=LINE('',#4915,#2418);
#2006=LINE('',#4917,#2419);
#2007=LINE('',#4919,#2420);
#2008=LINE('',#4920,#2421);
#2009=LINE('',#4922,#2422);
#2010=LINE('',#4923,#2423);
#2011=LINE('',#4925,#2424);
#2012=LINE('',#4926,#2425);
#2013=LINE('',#4927,#2426);
#2014=LINE('',#4929,#2427);
#2015=LINE('',#4931,#2428);
#2016=LINE('',#4932,#2429);
#2017=LINE('',#4933,#2430);
#2018=LINE('',#4934,#2431);
#2019=LINE('',#4936,#2432);
#2020=LINE('',#4938,#2433);
#2021=LINE('',#4940,#2434);
#2022=LINE('',#4942,#2435);
#2023=LINE('',#4945,#2436);
#2024=LINE('',#4947,#2437);
#2025=LINE('',#4949,#2438);
#2026=LINE('',#4951,#2439);
#2027=LINE('',#4953,#2440);
#2028=LINE('',#4955,#2441);
#2029=LINE('',#4957,#2442);
#2030=LINE('',#4959,#2443);
#2031=LINE('',#4961,#2444);
#2032=LINE('',#4963,#2445);
#2033=LINE('',#4965,#2446);
#2034=LINE('',#4967,#2447);
#2035=LINE('',#4969,#2448);
#2036=LINE('',#4971,#2449);
#2037=LINE('',#4973,#2450);
#2038=LINE('',#4975,#2451);
#2039=LINE('',#4977,#2452);
#2040=LINE('',#4979,#2453);
#2041=LINE('',#4981,#2454);
#2042=LINE('',#4983,#2455);
#2043=LINE('',#4985,#2456);
#2044=LINE('',#4987,#2457);
#2045=LINE('',#4989,#2458);
#2046=LINE('',#4991,#2459);
#2047=LINE('',#4992,#2460);
#2048=LINE('',#4995,#2461);
#2049=LINE('',#4997,#2462);
#2050=LINE('',#4999,#2463);
#2051=LINE('',#5001,#2464);
#2052=LINE('',#5004,#2465);
#2053=LINE('',#5006,#2466);
#2054=LINE('',#5008,#2467);
#2055=LINE('',#5010,#2468);
#2056=LINE('',#5013,#2469);
#2057=LINE('',#5014,#2470);
#2058=LINE('',#5016,#2471);
#2059=LINE('',#5019,#2472);
#2060=LINE('',#5020,#2473);
#2061=LINE('',#5022,#2474);
#2062=LINE('',#5025,#2475);
#2063=LINE('',#5027,#2476);
#2064=LINE('',#5029,#2477);
#2065=LINE('',#5031,#2478);
#2066=LINE('',#5034,#2479);
#2067=LINE('',#5036,#2480);
#2068=LINE('',#5038,#2481);
#2069=LINE('',#5040,#2482);
#2070=LINE('',#5043,#2483);
#2071=LINE('',#5045,#2484);
#2072=LINE('',#5047,#2485);
#2073=LINE('',#5049,#2486);
#2074=LINE('',#5051,#2487);
#2075=LINE('',#5053,#2488);
#2076=LINE('',#5054,#2489);
#2077=LINE('',#5056,#2490);
#2078=LINE('',#5057,#2491);
#2079=LINE('',#5059,#2492);
#2080=LINE('',#5060,#2493);
#2081=LINE('',#5062,#2494);
#2082=LINE('',#5065,#2495);
#2083=LINE('',#5067,#2496);
#2084=LINE('',#5069,#2497);
#2085=LINE('',#5070,#2498);
#2086=LINE('',#5072,#2499);
#2087=LINE('',#5074,#2500);
#2088=LINE('',#5075,#2501);
#2089=LINE('',#5077,#2502);
#2090=LINE('',#5078,#2503);
#2091=LINE('',#5080,#2504);
#2092=LINE('',#5082,#2505);
#2093=LINE('',#5084,#2506);
#2094=LINE('',#5086,#2507);
#2095=LINE('',#5088,#2508);
#2096=LINE('',#5090,#2509);
#2097=LINE('',#5092,#2510);
#2098=LINE('',#5094,#2511);
#2099=LINE('',#5096,#2512);
#2100=LINE('',#5099,#2513);
#2101=LINE('',#5100,#2514);
#2102=LINE('',#5102,#2515);
#2103=LINE('',#5104,#2516);
#2104=LINE('',#5106,#2517);
#2105=LINE('',#5108,#2518);
#2106=LINE('',#5110,#2519);
#2107=LINE('',#5112,#2520);
#2108=LINE('',#5113,#2521);
#2109=LINE('',#5115,#2522);
#2110=LINE('',#5117,#2523);
#2111=LINE('',#5120,#2524);
#2112=LINE('',#5122,#2525);
#2113=LINE('',#5124,#2526);
#2114=LINE('',#5125,#2527);
#2115=LINE('',#5127,#2528);
#2116=LINE('',#5129,#2529);
#2117=LINE('',#5130,#2530);
#2118=LINE('',#5132,#2531);
#2119=LINE('',#5134,#2532);
#2120=LINE('',#5136,#2533);
#2121=LINE('',#5137,#2534);
#2122=LINE('',#5139,#2535);
#2123=LINE('',#5141,#2536);
#2124=LINE('',#5142,#2537);
#2125=LINE('',#5144,#2538);
#2126=LINE('',#5146,#2539);
#2127=LINE('',#5148,#2540);
#2128=LINE('',#5150,#2541);
#2129=LINE('',#5151,#2542);
#2130=LINE('',#5152,#2543);
#2131=LINE('',#5156,#2544);
#2132=LINE('',#5157,#2545);
#2133=LINE('',#5159,#2546);
#2134=LINE('',#5160,#2547);
#2135=LINE('',#5165,#2548);
#2136=LINE('',#5168,#2549);
#2137=LINE('',#5170,#2550);
#2138=LINE('',#5172,#2551);
#2139=LINE('',#5175,#2552);
#2140=LINE('',#5177,#2553);
#2141=LINE('',#5179,#2554);
#2142=LINE('',#5182,#2555);
#2143=LINE('',#5184,#2556);
#2144=LINE('',#5186,#2557);
#2145=LINE('',#5188,#2558);
#2146=LINE('',#5190,#2559);
#2147=LINE('',#5193,#2560);
#2148=LINE('',#5195,#2561);
#2149=LINE('',#5197,#2562);
#2150=LINE('',#5199,#2563);
#2151=LINE('',#5201,#2564);
#2152=LINE('',#5204,#2565);
#2153=LINE('',#5206,#2566);
#2154=LINE('',#5208,#2567);
#2155=LINE('',#5210,#2568);
#2156=LINE('',#5212,#2569);
#2157=LINE('',#5214,#2570);
#2158=LINE('',#5216,#2571);
#2159=LINE('',#5217,#2572);
#2160=LINE('',#5221,#2573);
#2161=LINE('',#5223,#2574);
#2162=LINE('',#5225,#2575);
#2163=LINE('',#5227,#2576);
#2164=LINE('',#5229,#2577);
#2165=LINE('',#5231,#2578);
#2166=LINE('',#5233,#2579);
#2167=LINE('',#5234,#2580);
#2168=LINE('',#5238,#2581);
#2169=LINE('',#5240,#2582);
#2170=LINE('',#5242,#2583);
#2171=LINE('',#5244,#2584);
#2172=LINE('',#5246,#2585);
#2173=LINE('',#5248,#2586);
#2174=LINE('',#5250,#2587);
#2175=LINE('',#5251,#2588);
#2176=LINE('',#5257,#2589);
#2177=LINE('',#5259,#2590);
#2178=LINE('',#5261,#2591);
#2179=LINE('',#5263,#2592);
#2180=LINE('',#5265,#2593);
#2181=LINE('',#5300,#2594);
#2182=LINE('',#5303,#2595);
#2183=LINE('',#5305,#2596);
#2184=LINE('',#5309,#2597);
#2185=LINE('',#5311,#2598);
#2186=LINE('',#5313,#2599);
#2187=LINE('',#5317,#2600);
#2188=LINE('',#5320,#2601);
#2189=LINE('',#5324,#2602);
#2190=LINE('',#5326,#2603);
#2191=LINE('',#5328,#2604);
#2192=LINE('',#5332,#2605);
#2193=LINE('',#5334,#2606);
#2194=LINE('',#5337,#2607);
#2195=LINE('',#5339,#2608);
#2196=LINE('',#5343,#2609);
#2197=LINE('',#5345,#2610);
#2198=LINE('',#5347,#2611);
#2199=LINE('',#5351,#2612);
#2200=LINE('',#5354,#2613);
#2201=LINE('',#5358,#2614);
#2202=LINE('',#5360,#2615);
#2203=LINE('',#5362,#2616);
#2204=LINE('',#5366,#2617);
#2205=LINE('',#5368,#2618);
#2206=LINE('',#5371,#2619);
#2207=LINE('',#5372,#2620);
#2208=LINE('',#5374,#2621);
#2209=LINE('',#5379,#2622);
#2210=LINE('',#5383,#2623);
#2211=LINE('',#5385,#2624);
#2212=LINE('',#5387,#2625);
#2213=LINE('',#5389,#2626);
#2214=LINE('',#5391,#2627);
#2215=LINE('',#5392,#2628);
#2216=LINE('',#5396,#2629);
#2217=LINE('',#5399,#2630);
#2218=LINE('',#5401,#2631);
#2219=LINE('',#5403,#2632);
#2220=LINE('',#5405,#2633);
#2221=LINE('',#5407,#2634);
#2222=LINE('',#5409,#2635);
#2223=LINE('',#5411,#2636);
#2224=LINE('',#5412,#2637);
#2225=LINE('',#5415,#2638);
#2226=LINE('',#5417,#2639);
#2227=LINE('',#5419,#2640);
#2228=LINE('',#5421,#2641);
#2229=LINE('',#5425,#2642);
#2230=LINE('',#5427,#2643);
#2231=LINE('',#5429,#2644);
#2232=LINE('',#5431,#2645);
#2233=LINE('',#5433,#2646);
#2234=LINE('',#5435,#2647);
#2235=LINE('',#5437,#2648);
#2236=LINE('',#5439,#2649);
#2237=LINE('',#5442,#2650);
#2238=LINE('',#5444,#2651);
#2239=LINE('',#5446,#2652);
#2240=LINE('',#5450,#2653);
#2241=LINE('',#5453,#2654);
#2242=LINE('',#5455,#2655);
#2243=LINE('',#5457,#2656);
#2244=LINE('',#5459,#2657);
#2245=LINE('',#5461,#2658);
#2246=LINE('',#5463,#2659);
#2247=LINE('',#5465,#2660);
#2248=LINE('',#5466,#2661);
#2249=LINE('',#5469,#2662);
#2250=LINE('',#5471,#2663);
#2251=LINE('',#5473,#2664);
#2252=LINE('',#5475,#2665);
#2253=LINE('',#5479,#2666);
#2254=LINE('',#5481,#2667);
#2255=LINE('',#5483,#2668);
#2256=LINE('',#5485,#2669);
#2257=LINE('',#5487,#2670);
#2258=LINE('',#5489,#2671);
#2259=LINE('',#5491,#2672);
#2260=LINE('',#5493,#2673);
#2261=LINE('',#5496,#2674);
#2262=LINE('',#5498,#2675);
#2263=LINE('',#5500,#2676);
#2264=LINE('',#5502,#2677);
#2265=LINE('',#5508,#2678);
#2266=LINE('',#5510,#2679);
#2267=LINE('',#5516,#2680);
#2268=LINE('',#5520,#2681);
#2269=LINE('',#5522,#2682);
#2270=LINE('',#5526,#2683);
#2271=LINE('',#5529,#2684);
#2272=LINE('',#5531,#2685);
#2273=LINE('',#5533,#2686);
#2274=LINE('',#5534,#2687);
#2275=LINE('',#5535,#2688);
#2276=LINE('',#5539,#2689);
#2277=LINE('',#5540,#2690);
#2278=LINE('',#5542,#2691);
#2279=LINE('',#5544,#2692);
#2280=LINE('',#5545,#2693);
#2281=LINE('',#5549,#2694);
#2282=LINE('',#5550,#2695);
#2283=LINE('',#5552,#2696);
#2284=LINE('',#5556,#2697);
#2285=LINE('',#5559,#2698);
#2286=LINE('',#5561,#2699);
#2287=LINE('',#5563,#2700);
#2288=LINE('',#5564,#2701);
#2289=LINE('',#5567,#2702);
#2290=LINE('',#5569,#2703);
#2291=LINE('',#5571,#2704);
#2292=LINE('',#5575,#2705);
#2293=LINE('',#5576,#2706);
#2294=LINE('',#5578,#2707);
#2295=LINE('',#5579,#2708);
#2296=LINE('',#5583,#2709);
#2297=LINE('',#5584,#2710);
#2298=LINE('',#5585,#2711);
#2299=LINE('',#5587,#2712);
#2300=LINE('',#5591,#2713);
#2301=LINE('',#5592,#2714);
#2302=LINE('',#5594,#2715);
#2303=LINE('',#5595,#2716);
#2304=LINE('',#5597,#2717);
#2305=LINE('',#5599,#2718);
#2306=LINE('',#5602,#2719);
#2307=LINE('',#5603,#2720);
#2308=LINE('',#5605,#2721);
#2309=LINE('',#5607,#2722);
#2310=LINE('',#5609,#2723);
#2311=LINE('',#5611,#2724);
#2312=LINE('',#5615,#2725);
#2313=LINE('',#5616,#2726);
#2314=LINE('',#5618,#2727);
#2315=LINE('',#5620,#2728);
#2316=LINE('',#5623,#2729);
#2317=LINE('',#5624,#2730);
#2318=LINE('',#5626,#2731);
#2319=LINE('',#5628,#2732);
#2320=LINE('',#5631,#2733);
#2321=LINE('',#5633,#2734);
#2322=LINE('',#5635,#2735);
#2323=LINE('',#5641,#2736);
#2324=LINE('',#5643,#2737);
#2325=LINE('',#5645,#2738);
#2326=LINE('',#5647,#2739);
#2327=LINE('',#5649,#2740);
#2328=LINE('',#5650,#2741);
#2329=LINE('',#5654,#2742);
#2330=LINE('',#5656,#2743);
#2331=LINE('',#5658,#2744);
#2332=LINE('',#5660,#2745);
#2333=LINE('',#5666,#2746);
#2334=LINE('',#5668,#2747);
#2335=LINE('',#5670,#2748);
#2336=LINE('',#5672,#2749);
#2337=LINE('',#5673,#2750);
#2338=LINE('',#5677,#2751);
#2339=LINE('',#5678,#2752);
#2340=LINE('',#5682,#2753);
#2341=LINE('',#5684,#2754);
#2342=LINE('',#5687,#2755);
#2343=LINE('',#5688,#2756);
#2344=LINE('',#5695,#2757);
#2345=LINE('',#5699,#2758);
#2346=LINE('',#5703,#2759);
#2347=LINE('',#5709,#2760);
#2348=LINE('',#5713,#2761);
#2349=LINE('',#5717,#2762);
#2350=LINE('',#5719,#2763);
#2351=LINE('',#5724,#2764);
#2352=LINE('',#5726,#2765);
#2353=LINE('',#5730,#2766);
#2354=LINE('',#5736,#2767);
#2355=LINE('',#5742,#2768);
#2356=LINE('',#5746,#2769);
#2357=LINE('',#5747,#2770);
#2358=LINE('',#5748,#2771);
#2359=LINE('',#5750,#2772);
#2360=LINE('',#5751,#2773);
#2361=LINE('',#5752,#2774);
#2362=LINE('',#5756,#2775);
#2363=LINE('',#5758,#2776);
#2364=LINE('',#5760,#2777);
#2365=LINE('',#5762,#2778);
#2366=LINE('',#5765,#2779);
#2367=LINE('',#5773,#2780);
#2368=LINE('',#5780,#2781);
#2369=LINE('',#5782,#2782);
#2370=LINE('',#5785,#2783);
#2371=LINE('',#5787,#2784);
#2372=LINE('',#5794,#2785);
#2373=LINE('',#5802,#2786);
#2374=LINE('',#5804,#2787);
#2375=LINE('',#5806,#2788);
#2376=LINE('',#5808,#2789);
#2377=LINE('',#5813,#2790);
#2378=LINE('',#5815,#2791);
#2379=LINE('',#5817,#2792);
#2380=LINE('',#5823,#2793);
#2381=LINE('',#5826,#2794);
#2382=LINE('',#5828,#2795);
#2383=LINE('',#5830,#2796);
#2384=LINE('',#5832,#2797);
#2385=LINE('',#5834,#2798);
#2386=LINE('',#5836,#2799);
#2387=LINE('',#5838,#2800);
#2388=LINE('',#5840,#2801);
#2389=LINE('',#5842,#2802);
#2390=LINE('',#5844,#2803);
#2391=LINE('',#5845,#2804);
#2392=VECTOR('',#3901,39.3700787401575);
#2393=VECTOR('',#3902,39.3700787401575);
#2394=VECTOR('',#3903,39.3700787401575);
#2395=VECTOR('',#3904,39.3700787401575);
#2396=VECTOR('',#3905,39.3700787401575);
#2397=VECTOR('',#3908,39.3700787401575);
#2398=VECTOR('',#3909,39.3700787401575);
#2399=VECTOR('',#3910,39.3700787401575);
#2400=VECTOR('',#3911,39.3700787401575);
#2401=VECTOR('',#3912,39.3700787401575);
#2402=VECTOR('',#3915,39.3700787401575);
#2403=VECTOR('',#3916,39.3700787401575);
#2404=VECTOR('',#3917,39.3700787401575);
#2405=VECTOR('',#3918,39.3700787401575);
#2406=VECTOR('',#3919,39.3700787401575);
#2407=VECTOR('',#3922,39.3700787401575);
#2408=VECTOR('',#3923,39.3700787401575);
#2409=VECTOR('',#3924,39.3700787401575);
#2410=VECTOR('',#3925,39.3700787401575);
#2411=VECTOR('',#3926,39.3700787401575);
#2412=VECTOR('',#3929,39.3700787401575);
#2413=VECTOR('',#3930,39.3700787401575);
#2414=VECTOR('',#3931,39.3700787401575);
#2415=VECTOR('',#3932,39.3700787401575);
#2416=VECTOR('',#3933,39.3700787401575);
#2417=VECTOR('',#3934,39.3700787401575);
#2418=VECTOR('',#3935,39.3700787401575);
#2419=VECTOR('',#3936,39.3700787401575);
#2420=VECTOR('',#3939,39.3700787401575);
#2421=VECTOR('',#3940,39.3700787401575);
#2422=VECTOR('',#3943,39.3700787401575);
#2423=VECTOR('',#3944,39.3700787401575);
#2424=VECTOR('',#3947,39.3700787401575);
#2425=VECTOR('',#3948,39.3700787401575);
#2426=VECTOR('',#3949,39.3700787401575);
#2427=VECTOR('',#3952,39.3700787401575);
#2428=VECTOR('',#3953,39.3700787401575);
#2429=VECTOR('',#3954,39.3700787401575);
#2430=VECTOR('',#3955,39.3700787401575);
#2431=VECTOR('',#3956,39.3700787401575);
#2432=VECTOR('',#3957,39.3700787401575);
#2433=VECTOR('',#3960,39.3700787401575);
#2434=VECTOR('',#3963,39.3700787401575);
#2435=VECTOR('',#3966,39.3700787401575);
#2436=VECTOR('',#3967,39.3700787401575);
#2437=VECTOR('',#3968,39.3700787401575);
#2438=VECTOR('',#3969,39.3700787401575);
#2439=VECTOR('',#3970,39.3700787401575);
#2440=VECTOR('',#3971,39.3700787401575);
#2441=VECTOR('',#3972,39.3700787401575);
#2442=VECTOR('',#3973,39.3700787401575);
#2443=VECTOR('',#3974,39.3700787401575);
#2444=VECTOR('',#3975,39.3700787401575);
#2445=VECTOR('',#3976,39.3700787401575);
#2446=VECTOR('',#3977,39.3700787401575);
#2447=VECTOR('',#3978,39.3700787401575);
#2448=VECTOR('',#3979,39.3700787401575);
#2449=VECTOR('',#3980,39.3700787401575);
#2450=VECTOR('',#3981,39.3700787401575);
#2451=VECTOR('',#3984,39.3700787401575);
#2452=VECTOR('',#3985,39.3700787401575);
#2453=VECTOR('',#3986,39.3700787401575);
#2454=VECTOR('',#3987,39.3700787401575);
#2455=VECTOR('',#3988,39.3700787401575);
#2456=VECTOR('',#3989,39.3700787401575);
#2457=VECTOR('',#3990,39.3700787401575);
#2458=VECTOR('',#3991,39.3700787401575);
#2459=VECTOR('',#3992,39.3700787401575);
#2460=VECTOR('',#3993,39.3700787401575);
#2461=VECTOR('',#3994,39.3700787401575);
#2462=VECTOR('',#3995,39.3700787401575);
#2463=VECTOR('',#3996,39.3700787401575);
#2464=VECTOR('',#3999,39.3700787401575);
#2465=VECTOR('',#4000,39.3700787401575);
#2466=VECTOR('',#4001,39.3700787401575);
#2467=VECTOR('',#4002,39.3700787401575);
#2468=VECTOR('',#4005,39.3700787401575);
#2469=VECTOR('',#4006,39.3700787401575);
#2470=VECTOR('',#4007,39.3700787401575);
#2471=VECTOR('',#4010,39.3700787401575);
#2472=VECTOR('',#4011,39.3700787401575);
#2473=VECTOR('',#4012,39.3700787401575);
#2474=VECTOR('',#4015,39.3700787401575);
#2475=VECTOR('',#4016,39.3700787401575);
#2476=VECTOR('',#4017,39.3700787401575);
#2477=VECTOR('',#4018,39.3700787401575);
#2478=VECTOR('',#4021,39.3700787401575);
#2479=VECTOR('',#4022,39.3700787401575);
#2480=VECTOR('',#4023,39.3700787401575);
#2481=VECTOR('',#4024,39.3700787401575);
#2482=VECTOR('',#4027,39.3700787401575);
#2483=VECTOR('',#4028,39.3700787401575);
#2484=VECTOR('',#4029,39.3700787401575);
#2485=VECTOR('',#4030,39.3700787401575);
#2486=VECTOR('',#4033,39.3700787401575);
#2487=VECTOR('',#4034,39.3700787401575);
#2488=VECTOR('',#4035,39.3700787401575);
#2489=VECTOR('',#4036,39.3700787401575);
#2490=VECTOR('',#4037,39.3700787401575);
#2491=VECTOR('',#4038,39.3700787401575);
#2492=VECTOR('',#4039,39.3700787401575);
#2493=VECTOR('',#4040,39.3700787401575);
#2494=VECTOR('',#4043,39.3700787401575);
#2495=VECTOR('',#4044,39.3700787401575);
#2496=VECTOR('',#4045,39.3700787401575);
#2497=VECTOR('',#4046,39.3700787401575);
#2498=VECTOR('',#4047,39.3700787401575);
#2499=VECTOR('',#4048,39.3700787401575);
#2500=VECTOR('',#4049,39.3700787401575);
#2501=VECTOR('',#4050,39.3700787401575);
#2502=VECTOR('',#4051,39.3700787401575);
#2503=VECTOR('',#4052,39.3700787401575);
#2504=VECTOR('',#4053,39.3700787401575);
#2505=VECTOR('',#4056,39.3700787401575);
#2506=VECTOR('',#4057,39.3700787401575);
#2507=VECTOR('',#4058,39.3700787401575);
#2508=VECTOR('',#4059,39.3700787401575);
#2509=VECTOR('',#4062,39.3700787401575);
#2510=VECTOR('',#4063,39.3700787401575);
#2511=VECTOR('',#4064,39.3700787401575);
#2512=VECTOR('',#4067,39.3700787401575);
#2513=VECTOR('',#4068,39.3700787401575);
#2514=VECTOR('',#4069,39.3700787401575);
#2515=VECTOR('',#4072,39.3700787401575);
#2516=VECTOR('',#4073,39.3700787401575);
#2517=VECTOR('',#4074,39.3700787401575);
#2518=VECTOR('',#4075,39.3700787401575);
#2519=VECTOR('',#4078,39.3700787401575);
#2520=VECTOR('',#4079,39.3700787401575);
#2521=VECTOR('',#4080,39.3700787401575);
#2522=VECTOR('',#4081,39.3700787401575);
#2523=VECTOR('',#4084,39.3700787401575);
#2524=VECTOR('',#4085,39.3700787401575);
#2525=VECTOR('',#4086,39.3700787401575);
#2526=VECTOR('',#4087,39.3700787401575);
#2527=VECTOR('',#4088,39.3700787401575);
#2528=VECTOR('',#4089,39.3700787401575);
#2529=VECTOR('',#4090,39.3700787401575);
#2530=VECTOR('',#4091,39.3700787401575);
#2531=VECTOR('',#4092,39.3700787401575);
#2532=VECTOR('',#4095,39.3700787401575);
#2533=VECTOR('',#4096,39.3700787401575);
#2534=VECTOR('',#4097,39.3700787401575);
#2535=VECTOR('',#4100,39.3700787401575);
#2536=VECTOR('',#4103,39.3700787401575);
#2537=VECTOR('',#4104,39.3700787401575);
#2538=VECTOR('',#4105,39.3700787401575);
#2539=VECTOR('',#4106,39.3700787401575);
#2540=VECTOR('',#4109,39.3700787401575);
#2541=VECTOR('',#4110,39.3700787401575);
#2542=VECTOR('',#4111,39.3700787401575);
#2543=VECTOR('',#4112,39.3700787401575);
#2544=VECTOR('',#4119,39.3700787401575);
#2545=VECTOR('',#4120,39.3700787401575);
#2546=VECTOR('',#4121,39.3700787401575);
#2547=VECTOR('',#4122,39.3700787401575);
#2548=VECTOR('',#4131,39.3700787401575);
#2549=VECTOR('',#4136,39.3700787401575);
#2550=VECTOR('',#4137,39.3700787401575);
#2551=VECTOR('',#4140,39.3700787401575);
#2552=VECTOR('',#4145,39.3700787401575);
#2553=VECTOR('',#4146,39.3700787401575);
#2554=VECTOR('',#4149,39.3700787401575);
#2555=VECTOR('',#4154,39.3700787401575);
#2556=VECTOR('',#4155,39.3700787401575);
#2557=VECTOR('',#4156,39.3700787401575);
#2558=VECTOR('',#4159,39.3700787401575);
#2559=VECTOR('',#4162,39.3700787401575);
#2560=VECTOR('',#4167,39.3700787401575);
#2561=VECTOR('',#4168,39.3700787401575);
#2562=VECTOR('',#4169,39.3700787401575);
#2563=VECTOR('',#4172,39.3700787401575);
#2564=VECTOR('',#4175,39.3700787401575);
#2565=VECTOR('',#4180,39.3700787401575);
#2566=VECTOR('',#4181,39.3700787401575);
#2567=VECTOR('',#4182,39.3700787401575);
#2568=VECTOR('',#4185,39.3700787401575);
#2569=VECTOR('',#4186,39.3700787401575);
#2570=VECTOR('',#4187,39.3700787401575);
#2571=VECTOR('',#4190,39.3700787401575);
#2572=VECTOR('',#4191,39.3700787401575);
#2573=VECTOR('',#4198,39.3700787401575);
#2574=VECTOR('',#4199,39.3700787401575);
#2575=VECTOR('',#4200,39.3700787401575);
#2576=VECTOR('',#4203,39.3700787401575);
#2577=VECTOR('',#4204,39.3700787401575);
#2578=VECTOR('',#4205,39.3700787401575);
#2579=VECTOR('',#4208,39.3700787401575);
#2580=VECTOR('',#4209,39.3700787401575);
#2581=VECTOR('',#4216,39.3700787401575);
#2582=VECTOR('',#4217,39.3700787401575);
#2583=VECTOR('',#4218,39.3700787401575);
#2584=VECTOR('',#4221,39.3700787401575);
#2585=VECTOR('',#4222,39.3700787401575);
#2586=VECTOR('',#4223,39.3700787401575);
#2587=VECTOR('',#4226,39.3700787401575);
#2588=VECTOR('',#4227,39.3700787401575);
#2589=VECTOR('',#4238,39.3700787401575);
#2590=VECTOR('',#4239,39.3700787401575);
#2591=VECTOR('',#4240,39.3700787401575);
#2592=VECTOR('',#4243,39.3700787401575);
#2593=VECTOR('',#4246,39.3700787401575);
#2594=VECTOR('',#4297,39.3700787401575);
#2595=VECTOR('',#4298,39.3700787401575);
#2596=VECTOR('',#4299,39.3700787401575);
#2597=VECTOR('',#4302,39.3700787401575);
#2598=VECTOR('',#4303,39.3700787401575);
#2599=VECTOR('',#4304,39.3700787401575);
#2600=VECTOR('',#4309,39.3700787401575);
#2601=VECTOR('',#4310,39.3700787401575);
#2602=VECTOR('',#4313,39.3700787401575);
#2603=VECTOR('',#4314,39.3700787401575);
#2604=VECTOR('',#4315,39.3700787401575);
#2605=VECTOR('',#4318,39.3700787401575);
#2606=VECTOR('',#4321,39.3700787401575);
#2607=VECTOR('',#4322,39.3700787401575);
#2608=VECTOR('',#4323,39.3700787401575);
#2609=VECTOR('',#4326,39.3700787401575);
#2610=VECTOR('',#4327,39.3700787401575);
#2611=VECTOR('',#4328,39.3700787401575);
#2612=VECTOR('',#4333,39.3700787401575);
#2613=VECTOR('',#4334,39.3700787401575);
#2614=VECTOR('',#4337,39.3700787401575);
#2615=VECTOR('',#4338,39.3700787401575);
#2616=VECTOR('',#4339,39.3700787401575);
#2617=VECTOR('',#4342,39.3700787401575);
#2618=VECTOR('',#4345,39.3700787401575);
#2619=VECTOR('',#4346,39.3700787401575);
#2620=VECTOR('',#4347,39.3700787401575);
#2621=VECTOR('',#4348,39.3700787401575);
#2622=VECTOR('',#4353,39.3700787401575);
#2623=VECTOR('',#4356,39.3700787401575);
#2624=VECTOR('',#4359,39.3700787401575);
#2625=VECTOR('',#4360,39.3700787401575);
#2626=VECTOR('',#4361,39.3700787401575);
#2627=VECTOR('',#4364,39.3700787401575);
#2628=VECTOR('',#4365,39.3700787401575);
#2629=VECTOR('',#4370,39.3700787401575);
#2630=VECTOR('',#4373,39.3700787401575);
#2631=VECTOR('',#4374,39.3700787401575);
#2632=VECTOR('',#4375,39.3700787401575);
#2633=VECTOR('',#4376,39.3700787401575);
#2634=VECTOR('',#4377,39.3700787401575);
#2635=VECTOR('',#4378,39.3700787401575);
#2636=VECTOR('',#4379,39.3700787401575);
#2637=VECTOR('',#4380,39.3700787401575);
#2638=VECTOR('',#4381,39.3700787401575);
#2639=VECTOR('',#4382,39.3700787401575);
#2640=VECTOR('',#4383,39.3700787401575);
#2641=VECTOR('',#4386,39.3700787401575);
#2642=VECTOR('',#4389,39.3700787401575);
#2643=VECTOR('',#4390,39.3700787401575);
#2644=VECTOR('',#4391,39.3700787401575);
#2645=VECTOR('',#4392,39.3700787401575);
#2646=VECTOR('',#4393,39.3700787401575);
#2647=VECTOR('',#4394,39.3700787401575);
#2648=VECTOR('',#4395,39.3700787401575);
#2649=VECTOR('',#4398,39.3700787401575);
#2650=VECTOR('',#4399,39.3700787401575);
#2651=VECTOR('',#4400,39.3700787401575);
#2652=VECTOR('',#4401,39.3700787401575);
#2653=VECTOR('',#4406,39.3700787401575);
#2654=VECTOR('',#4409,39.3700787401575);
#2655=VECTOR('',#4410,39.3700787401575);
#2656=VECTOR('',#4411,39.3700787401575);
#2657=VECTOR('',#4412,39.3700787401575);
#2658=VECTOR('',#4413,39.3700787401575);
#2659=VECTOR('',#4414,39.3700787401575);
#2660=VECTOR('',#4415,39.3700787401575);
#2661=VECTOR('',#4416,39.3700787401575);
#2662=VECTOR('',#4417,39.3700787401575);
#2663=VECTOR('',#4418,39.3700787401575);
#2664=VECTOR('',#4419,39.3700787401575);
#2665=VECTOR('',#4422,39.3700787401575);
#2666=VECTOR('',#4425,39.3700787401575);
#2667=VECTOR('',#4426,39.3700787401575);
#2668=VECTOR('',#4427,39.3700787401575);
#2669=VECTOR('',#4428,39.3700787401575);
#2670=VECTOR('',#4429,39.3700787401575);
#2671=VECTOR('',#4430,39.3700787401575);
#2672=VECTOR('',#4431,39.3700787401575);
#2673=VECTOR('',#4434,39.3700787401575);
#2674=VECTOR('',#4435,39.3700787401575);
#2675=VECTOR('',#4436,39.3700787401575);
#2676=VECTOR('',#4437,39.3700787401575);
#2677=VECTOR('',#4440,39.3700787401575);
#2678=VECTOR('',#4447,39.3700787401575);
#2679=VECTOR('',#4450,39.3700787401575);
#2680=VECTOR('',#4457,39.3700787401575);
#2681=VECTOR('',#4462,39.3700787401575);
#2682=VECTOR('',#4465,39.3700787401575);
#2683=VECTOR('',#4470,39.3700787401575);
#2684=VECTOR('',#4471,39.3700787401575);
#2685=VECTOR('',#4472,39.3700787401575);
#2686=VECTOR('',#4473,39.3700787401575);
#2687=VECTOR('',#4474,39.3700787401575);
#2688=VECTOR('',#4475,39.3700787401575);
#2689=VECTOR('',#4478,39.3700787401575);
#2690=VECTOR('',#4479,39.3700787401575);
#2691=VECTOR('',#4480,39.3700787401575);
#2692=VECTOR('',#4481,39.3700787401575);
#2693=VECTOR('',#4482,39.3700787401575);
#2694=VECTOR('',#4485,39.3700787401575);
#2695=VECTOR('',#4486,39.3700787401575);
#2696=VECTOR('',#4489,39.3700787401575);
#2697=VECTOR('',#4494,39.3700787401575);
#2698=VECTOR('',#4495,39.3700787401575);
#2699=VECTOR('',#4496,39.3700787401575);
#2700=VECTOR('',#4497,39.3700787401575);
#2701=VECTOR('',#4498,39.3700787401575);
#2702=VECTOR('',#4499,39.3700787401575);
#2703=VECTOR('',#4500,39.3700787401575);
#2704=VECTOR('',#4501,39.3700787401575);
#2705=VECTOR('',#4504,39.3700787401575);
#2706=VECTOR('',#4505,39.3700787401575);
#2707=VECTOR('',#4506,39.3700787401575);
#2708=VECTOR('',#4507,39.3700787401575);
#2709=VECTOR('',#4510,39.3700787401575);
#2710=VECTOR('',#4511,39.3700787401575);
#2711=VECTOR('',#4512,39.3700787401575);
#2712=VECTOR('',#4513,39.3700787401575);
#2713=VECTOR('',#4520,39.3700787401575);
#2714=VECTOR('',#4521,39.3700787401575);
#2715=VECTOR('',#4524,39.3700787401575);
#2716=VECTOR('',#4525,39.3700787401575);
#2717=VECTOR('',#4528,39.3700787401575);
#2718=VECTOR('',#4531,39.3700787401575);
#2719=VECTOR('',#4536,39.3700787401575);
#2720=VECTOR('',#4537,39.3700787401575);
#2721=VECTOR('',#4540,39.3700787401575);
#2722=VECTOR('',#4543,39.3700787401575);
#2723=VECTOR('',#4546,39.3700787401575);
#2724=VECTOR('',#4549,39.3700787401575);
#2725=VECTOR('',#4556,39.3700787401575);
#2726=VECTOR('',#4557,39.3700787401575);
#2727=VECTOR('',#4560,39.3700787401575);
#2728=VECTOR('',#4563,39.3700787401575);
#2729=VECTOR('',#4568,39.3700787401575);
#2730=VECTOR('',#4569,39.3700787401575);
#2731=VECTOR('',#4572,39.3700787401575);
#2732=VECTOR('',#4575,39.3700787401575);
#2733=VECTOR('',#4580,39.3700787401575);
#2734=VECTOR('',#4581,39.3700787401575);
#2735=VECTOR('',#4582,39.3700787401575);
#2736=VECTOR('',#4589,39.3700787401575);
#2737=VECTOR('',#4592,39.3700787401575);
#2738=VECTOR('',#4593,39.3700787401575);
#2739=VECTOR('',#4594,39.3700787401575);
#2740=VECTOR('',#4597,39.3700787401575);
#2741=VECTOR('',#4598,39.3700787401575);
#2742=VECTOR('',#4605,39.3700787401575);
#2743=VECTOR('',#4606,39.3700787401575);
#2744=VECTOR('',#4607,39.3700787401575);
#2745=VECTOR('',#4610,39.3700787401575);
#2746=VECTOR('',#4617,39.3700787401575);
#2747=VECTOR('',#4618,39.3700787401575);
#2748=VECTOR('',#4619,39.3700787401575);
#2749=VECTOR('',#4622,39.3700787401575);
#2750=VECTOR('',#4623,39.3700787401575);
#2751=VECTOR('',#4630,39.3700787401575);
#2752=VECTOR('',#4631,39.3700787401575);
#2753=VECTOR('',#4638,39.3700787401575);
#2754=VECTOR('',#4641,39.3700787401575);
#2755=VECTOR('',#4646,39.3700787401575);
#2756=VECTOR('',#4647,39.3700787401575);
#2757=VECTOR('',#4656,39.3700787401575);
#2758=VECTOR('',#4659,39.3700787401575);
#2759=VECTOR('',#4664,39.3700787401575);
#2760=VECTOR('',#4671,39.3700787401575);
#2761=VECTOR('',#4676,39.3700787401575);
#2762=VECTOR('',#4679,39.3700787401575);
#2763=VECTOR('',#4682,39.3700787401575);
#2764=VECTOR('',#4685,39.3700787401575);
#2765=VECTOR('',#4686,39.3700787401575);
#2766=VECTOR('',#4691,39.3700787401575);
#2767=VECTOR('',#4698,39.3700787401575);
#2768=VECTOR('',#4705,39.3700787401575);
#2769=VECTOR('',#4710,39.3700787401575);
#2770=VECTOR('',#4711,39.3700787401575);
#2771=VECTOR('',#4712,39.3700787401575);
#2772=VECTOR('',#4715,39.3700787401575);
#2773=VECTOR('',#4716,39.3700787401575);
#2774=VECTOR('',#4717,39.3700787401575);
#2775=VECTOR('',#4724,39.3700787401575);
#2776=VECTOR('',#4725,39.3700787401575);
#2777=VECTOR('',#4726,39.3700787401575);
#2778=VECTOR('',#4729,39.3700787401575);
#2779=VECTOR('',#4730,39.3700787401575);
#2780=VECTOR('',#4737,39.3700787401575);
#2781=VECTOR('',#4744,39.3700787401575);
#2782=VECTOR('',#4747,39.3700787401575);
#2783=VECTOR('',#4748,39.3700787401575);
#2784=VECTOR('',#4749,39.3700787401575);
#2785=VECTOR('',#4756,39.3700787401575);
#2786=VECTOR('',#4765,39.3700787401575);
#2787=VECTOR('',#4768,39.3700787401575);
#2788=VECTOR('',#4771,39.3700787401575);
#2789=VECTOR('',#4774,39.3700787401575);
#2790=VECTOR('',#4783,39.3700787401575);
#2791=VECTOR('',#4786,39.3700787401575);
#2792=VECTOR('',#4789,39.3700787401575);
#2793=VECTOR('',#4800,39.3700787401575);
#2794=VECTOR('',#4801,39.3700787401575);
#2795=VECTOR('',#4802,39.3700787401575);
#2796=VECTOR('',#4803,39.3700787401575);
#2797=VECTOR('',#4806,39.3700787401575);
#2798=VECTOR('',#4807,39.3700787401575);
#2799=VECTOR('',#4808,39.3700787401575);
#2800=VECTOR('',#4811,39.3700787401575);
#2801=VECTOR('',#4812,39.3700787401575);
#2802=VECTOR('',#4813,39.3700787401575);
#2803=VECTOR('',#4816,39.3700787401575);
#2804=VECTOR('',#4817,39.3700787401575);
#2805=EDGE_LOOP('',(#172,#173,#174,#175,#176));
#2806=EDGE_LOOP('',(#177,#178,#179,#180,#181));
#2807=EDGE_LOOP('',(#182,#183,#184,#185,#186));
#2808=EDGE_LOOP('',(#187,#188,#189,#190,#191));
#2809=EDGE_LOOP('',(#192,#193,#194,#195,#196,#197,#198,#199));
#2810=EDGE_LOOP('',(#200,#201,#202,#203));
#2811=EDGE_LOOP('',(#204,#205,#206,#207));
#2812=EDGE_LOOP('',(#208,#209,#210,#211,#212,#213));
#2813=EDGE_LOOP('',(#214,#215,#216,#217,#218,#219,#220,#221,#222,#223));
#2814=EDGE_LOOP('',(#224,#225,#226,#227));
#2815=EDGE_LOOP('',(#228,#229,#230,#231));
#2816=EDGE_LOOP('',(#232,#233,#234,#235,#236,#237,#238,#239));
#2817=EDGE_LOOP('',(#240,#241,#242,#243,#244,#245,#246,#247,#248,#249,#250,
#251,#252,#253,#254,#255));
#2818=EDGE_LOOP('',(#256,#257,#258,#259,#260,#261,#262,#263,#264,#265));
#2819=EDGE_LOOP('',(#266,#267,#268,#269));
#2820=EDGE_LOOP('',(#270,#271,#272,#273));
#2821=EDGE_LOOP('',(#274,#275,#276,#277));
#2822=EDGE_LOOP('',(#278,#279,#280,#281));
#2823=EDGE_LOOP('',(#282,#283,#284,#285));
#2824=EDGE_LOOP('',(#286,#287,#288,#289));
#2825=EDGE_LOOP('',(#290,#291,#292,#293));
#2826=EDGE_LOOP('',(#294,#295,#296,#297,#298,#299,#300,#301,#302,#303,#304,
#305));
#2827=EDGE_LOOP('',(#306,#307,#308,#309));
#2828=EDGE_LOOP('',(#310,#311,#312,#313,#314,#315,#316,#317,#318,#319));
#2829=EDGE_LOOP('',(#320,#321,#322,#323,#324,#325,#326));
#2830=EDGE_LOOP('',(#327,#328,#329,#330));
#2831=EDGE_LOOP('',(#331,#332,#333,#334));
#2832=EDGE_LOOP('',(#335,#336,#337,#338,#339,#340,#341));
#2833=EDGE_LOOP('',(#342,#343,#344,#345,#346,#347,#348));
#2834=EDGE_LOOP('',(#349,#350,#351,#352));
#2835=EDGE_LOOP('',(#353,#354,#355,#356,#357,#358,#359,#360));
#2836=EDGE_LOOP('',(#361,#362,#363,#364,#365,#366,#367));
#2837=EDGE_LOOP('',(#368,#369,#370,#371));
#2838=EDGE_LOOP('',(#372,#373,#374,#375,#376,#377,#378,#379));
#2839=EDGE_LOOP('',(#380,#381,#382,#383,#384,#385,#386,#387,#388,#389));
#2840=EDGE_LOOP('',(#390,#391,#392,#393));
#2841=EDGE_LOOP('',(#394,#395,#396,#397));
#2842=EDGE_LOOP('',(#398,#399,#400,#401,#402,#403,#404,#405,#406,#407));
#2843=EDGE_LOOP('',(#408,#409,#410,#411));
#2844=EDGE_LOOP('',(#412,#413,#414,#415));
#2845=EDGE_LOOP('',(#416,#417,#418,#419));
#2846=EDGE_LOOP('',(#420,#421,#422,#423));
#2847=EDGE_LOOP('',(#424,#425,#426,#427));
#2848=EDGE_LOOP('',(#428,#429,#430,#431));
#2849=EDGE_LOOP('',(#432,#433,#434,#435));
#2850=EDGE_LOOP('',(#436,#437,#438,#439));
#2851=EDGE_LOOP('',(#440,#441,#442,#443));
#2852=EDGE_LOOP('',(#444,#445,#446,#447));
#2853=EDGE_LOOP('',(#448,#449,#450,#451));
#2854=EDGE_LOOP('',(#452,#453,#454,#455));
#2855=EDGE_LOOP('',(#456,#457,#458,#459));
#2856=EDGE_LOOP('',(#460,#461,#462,#463,#464,#465));
#2857=EDGE_LOOP('',(#466,#467,#468,#469));
#2858=EDGE_LOOP('',(#470,#471,#472,#473,#474,#475));
#2859=EDGE_LOOP('',(#476,#477,#478,#479));
#2860=EDGE_LOOP('',(#480,#481,#482,#483));
#2861=EDGE_LOOP('',(#484,#485,#486,#487));
#2862=EDGE_LOOP('',(#488,#489,#490,#491));
#2863=EDGE_LOOP('',(#492,#493,#494,#495));
#2864=EDGE_LOOP('',(#496,#497,#498,#499));
#2865=EDGE_LOOP('',(#500,#501,#502,#503));
#2866=EDGE_LOOP('',(#504,#505,#506,#507));
#2867=EDGE_LOOP('',(#508,#509,#510,#511));
#2868=EDGE_LOOP('',(#512,#513,#514,#515));
#2869=EDGE_LOOP('',(#516,#517,#518,#519));
#2870=EDGE_LOOP('',(#520,#521,#522,#523));
#2871=EDGE_LOOP('',(#524,#525,#526,#527));
#2872=EDGE_LOOP('',(#528,#529,#530,#531));
#2873=EDGE_LOOP('',(#532,#533,#534,#535));
#2874=EDGE_LOOP('',(#536,#537,#538,#539));
#2875=EDGE_LOOP('',(#540,#541,#542,#543));
#2876=EDGE_LOOP('',(#544,#545,#546,#547));
#2877=EDGE_LOOP('',(#548,#549,#550,#551,#552,#553));
#2878=EDGE_LOOP('',(#554,#555,#556,#557,#558,#559));
#2879=EDGE_LOOP('',(#560,#561,#562,#563));
#2880=EDGE_LOOP('',(#564,#565,#566,#567));
#2881=EDGE_LOOP('',(#568,#569,#570,#571));
#2882=EDGE_LOOP('',(#572,#573,#574,#575));
#2883=EDGE_LOOP('',(#576));
#2884=EDGE_LOOP('',(#577));
#2885=EDGE_LOOP('',(#578));
#2886=EDGE_LOOP('',(#579));
#2887=EDGE_LOOP('',(#580));
#2888=EDGE_LOOP('',(#581));
#2889=EDGE_LOOP('',(#582));
#2890=EDGE_LOOP('',(#583));
#2891=EDGE_LOOP('',(#584));
#2892=EDGE_LOOP('',(#585));
#2893=EDGE_LOOP('',(#586));
#2894=EDGE_LOOP('',(#587));
#2895=EDGE_LOOP('',(#588));
#2896=EDGE_LOOP('',(#589));
#2897=EDGE_LOOP('',(#590));
#2898=EDGE_LOOP('',(#591));
#2899=EDGE_LOOP('',(#592));
#2900=EDGE_LOOP('',(#593));
#2901=EDGE_LOOP('',(#594,#595,#596,#597,#598,#599,#600,#601));
#2902=EDGE_LOOP('',(#602,#603,#604,#605,#606,#607,#608,#609));
#2903=EDGE_LOOP('',(#610,#611,#612,#613,#614,#615,#616,#617));
#2904=EDGE_LOOP('',(#618,#619,#620,#621,#622,#623,#624,#625));
#2905=EDGE_LOOP('',(#626,#627,#628,#629));
#2906=EDGE_LOOP('',(#630,#631,#632,#633));
#2907=EDGE_LOOP('',(#634,#635,#636,#637));
#2908=EDGE_LOOP('',(#638,#639,#640,#641));
#2909=EDGE_LOOP('',(#642,#643,#644,#645,#646,#647,#648,#649,#650,#651,#652,
#653));
#2910=EDGE_LOOP('',(#654,#655,#656,#657));
#2911=EDGE_LOOP('',(#658,#659,#660,#661,#662,#663,#664,#665,#666,#667,#668,
#669));
#2912=EDGE_LOOP('',(#670,#671,#672,#673));
#2913=EDGE_LOOP('',(#674,#675,#676,#677,#678,#679,#680,#681,#682,#683,#684,
#685));
#2914=EDGE_LOOP('',(#686,#687,#688,#689));
#2915=EDGE_LOOP('',(#690,#691,#692,#693,#694,#695,#696,#697,#698,#699,#700,
#701));
#2916=EDGE_LOOP('',(#702,#703,#704,#705));
#2917=EDGE_LOOP('',(#706,#707,#708,#709));
#2918=EDGE_LOOP('',(#710,#711,#712,#713));
#2919=EDGE_LOOP('',(#714,#715,#716,#717));
#2920=EDGE_LOOP('',(#718,#719,#720,#721));
#2921=EDGE_LOOP('',(#722,#723,#724,#725));
#2922=EDGE_LOOP('',(#726,#727,#728,#729));
#2923=EDGE_LOOP('',(#730,#731,#732,#733,#734,#735,#736,#737,#738,#739,#740,
#741,#742,#743,#744,#745,#746,#747,#748,#749,#750,#751,#752,#753));
#2924=EDGE_LOOP('',(#754,#755,#756,#757));
#2925=EDGE_LOOP('',(#758,#759,#760,#761));
#2926=EDGE_LOOP('',(#762,#763,#764,#765));
#2927=EDGE_LOOP('',(#766,#767,#768,#769,#770,#771,#772,#773,#774,#775,#776,
#777,#778,#779,#780,#781,#782,#783));
#2928=EDGE_LOOP('',(#784,#785,#786,#787));
#2929=EDGE_LOOP('',(#788,#789,#790,#791,#792,#793,#794,#795));
#2930=EDGE_LOOP('',(#796,#797,#798,#799,#800,#801,#802,#803));
#2931=EDGE_LOOP('',(#804,#805,#806,#807));
#2932=EDGE_LOOP('',(#808,#809,#810,#811));
#2933=EDGE_LOOP('',(#812,#813,#814,#815));
#2934=EDGE_LOOP('',(#816,#817,#818,#819));
#2935=EDGE_LOOP('',(#820,#821,#822,#823));
#2936=EDGE_LOOP('',(#824,#825,#826,#827));
#2937=EDGE_LOOP('',(#828,#829,#830,#831,#832,#833,#834,#835));
#2938=EDGE_LOOP('',(#836,#837,#838,#839,#840,#841,#842,#843));
#2939=EDGE_LOOP('',(#844,#845,#846,#847));
#2940=EDGE_LOOP('',(#848,#849,#850,#851));
#2941=EDGE_LOOP('',(#852,#853,#854,#855));
#2942=EDGE_LOOP('',(#856,#857,#858,#859));
#2943=EDGE_LOOP('',(#860,#861,#862,#863));
#2944=EDGE_LOOP('',(#864,#865,#866,#867));
#2945=EDGE_LOOP('',(#868,#869,#870,#871));
#2946=EDGE_LOOP('',(#872,#873,#874,#875));
#2947=EDGE_LOOP('',(#876,#877,#878,#879));
#2948=EDGE_LOOP('',(#880,#881,#882,#883));
#2949=EDGE_LOOP('',(#884,#885,#886,#887));
#2950=EDGE_LOOP('',(#888,#889,#890,#891));
#2951=EDGE_LOOP('',(#892,#893,#894,#895));
#2952=EDGE_LOOP('',(#896,#897,#898,#899));
#2953=EDGE_LOOP('',(#900,#901,#902,#903,#904,#905));
#2954=EDGE_LOOP('',(#906,#907,#908,#909,#910,#911));
#2955=EDGE_LOOP('',(#912,#913,#914,#915));
#2956=EDGE_LOOP('',(#916,#917,#918,#919));
#2957=EDGE_LOOP('',(#920,#921,#922,#923));
#2958=EDGE_LOOP('',(#924,#925,#926,#927));
#2959=EDGE_LOOP('',(#928,#929,#930,#931,#932,#933));
#2960=EDGE_LOOP('',(#934,#935,#936,#937,#938,#939));
#2961=EDGE_LOOP('',(#940,#941,#942,#943));
#2962=EDGE_LOOP('',(#944,#945,#946,#947,#948,#949));
#2963=EDGE_LOOP('',(#950,#951,#952,#953,#954,#955));
#2964=EDGE_LOOP('',(#956,#957,#958,#959));
#2965=EDGE_LOOP('',(#960,#961,#962,#963));
#2966=EDGE_LOOP('',(#964,#965,#966,#967));
#2967=EDGE_LOOP('',(#968,#969,#970,#971));
#2968=EDGE_LOOP('',(#972,#973,#974,#975));
#2969=EDGE_LOOP('',(#976,#977,#978,#979));
#2970=EDGE_LOOP('',(#980,#981,#982,#983));
#2971=EDGE_LOOP('',(#984,#985,#986,#987));
#2972=EDGE_LOOP('',(#988,#989,#990,#991));
#2973=EDGE_LOOP('',(#992,#993,#994,#995));
#2974=EDGE_LOOP('',(#996,#997,#998,#999));
#2975=EDGE_LOOP('',(#1000,#1001,#1002,#1003));
#2976=EDGE_LOOP('',(#1004,#1005,#1006,#1007));
#2977=EDGE_LOOP('',(#1008,#1009,#1010,#1011));
#2978=EDGE_LOOP('',(#1012,#1013,#1014,#1015,#1016,#1017,#1018,#1019,#1020,
#1021,#1022,#1023));
#2979=EDGE_LOOP('',(#1024,#1025,#1026,#1027,#1028,#1029,#1030,#1031,#1032,
#1033,#1034,#1035));
#2980=EDGE_LOOP('',(#1036,#1037,#1038,#1039));
#2981=EDGE_LOOP('',(#1040,#1041,#1042,#1043));
#2982=EDGE_LOOP('',(#1044,#1045,#1046,#1047));
#2983=EDGE_LOOP('',(#1048,#1049,#1050,#1051,#1052,#1053,#1054,#1055,#1056,
#1057,#1058,#1059));
#2984=EDGE_LOOP('',(#1060,#1061,#1062,#1063,#1064,#1065,#1066,#1067,#1068,
#1069,#1070,#1071));
#2985=EDGE_LOOP('',(#1072,#1073,#1074,#1075));
#2986=EDGE_LOOP('',(#1076,#1077,#1078,#1079));
#2987=EDGE_LOOP('',(#1080,#1081,#1082,#1083));
#2988=EDGE_LOOP('',(#1084,#1085,#1086,#1087));
#2989=EDGE_LOOP('',(#1088,#1089,#1090,#1091));
#2990=EDGE_LOOP('',(#1092,#1093,#1094,#1095));
#2991=EDGE_LOOP('',(#1096,#1097,#1098,#1099));
#2992=EDGE_LOOP('',(#1100,#1101,#1102,#1103));
#2993=EDGE_LOOP('',(#1104,#1105,#1106,#1107));
#2994=EDGE_LOOP('',(#1108,#1109,#1110,#1111));
#2995=EDGE_LOOP('',(#1112,#1113,#1114,#1115));
#2996=EDGE_LOOP('',(#1116,#1117,#1118,#1119));
#2997=EDGE_LOOP('',(#1120,#1121,#1122,#1123));
#2998=EDGE_LOOP('',(#1124,#1125,#1126,#1127));
#2999=EDGE_LOOP('',(#1128,#1129,#1130,#1131));
#3000=EDGE_LOOP('',(#1132,#1133,#1134,#1135));
#3001=EDGE_LOOP('',(#1136));
#3002=EDGE_LOOP('',(#1137));
#3003=EDGE_LOOP('',(#1138,#1139,#1140,#1141));
#3004=EDGE_LOOP('',(#1142));
#3005=EDGE_LOOP('',(#1143));
#3006=EDGE_LOOP('',(#1144));
#3007=EDGE_LOOP('',(#1145));
#3008=EDGE_LOOP('',(#1146));
#3009=EDGE_LOOP('',(#1147));
#3010=EDGE_LOOP('',(#1148));
#3011=EDGE_LOOP('',(#1149));
#3012=EDGE_LOOP('',(#1150));
#3013=EDGE_LOOP('',(#1151));
#3014=EDGE_LOOP('',(#1152));
#3015=EDGE_LOOP('',(#1153));
#3016=EDGE_LOOP('',(#1154));
#3017=EDGE_LOOP('',(#1155));
#3018=FACE_BOUND('',#2805,.T.);
#3019=FACE_BOUND('',#2806,.T.);
#3020=FACE_BOUND('',#2807,.T.);
#3021=FACE_BOUND('',#2808,.T.);
#3022=FACE_BOUND('',#2809,.T.);
#3023=FACE_BOUND('',#2810,.T.);
#3024=FACE_BOUND('',#2811,.T.);
#3025=FACE_BOUND('',#2812,.T.);
#3026=FACE_BOUND('',#2813,.T.);
#3027=FACE_BOUND('',#2814,.T.);
#3028=FACE_BOUND('',#2815,.T.);
#3029=FACE_BOUND('',#2816,.T.);
#3030=FACE_BOUND('',#2817,.T.);
#3031=FACE_BOUND('',#2818,.T.);
#3032=FACE_BOUND('',#2819,.T.);
#3033=FACE_BOUND('',#2820,.T.);
#3034=FACE_BOUND('',#2821,.T.);
#3035=FACE_BOUND('',#2822,.T.);
#3036=FACE_BOUND('',#2823,.T.);
#3037=FACE_BOUND('',#2824,.T.);
#3038=FACE_BOUND('',#2825,.T.);
#3039=FACE_BOUND('',#2826,.T.);
#3040=FACE_BOUND('',#2827,.T.);
#3041=FACE_BOUND('',#2828,.T.);
#3042=FACE_BOUND('',#2829,.T.);
#3043=FACE_BOUND('',#2830,.T.);
#3044=FACE_BOUND('',#2831,.T.);
#3045=FACE_BOUND('',#2832,.T.);
#3046=FACE_BOUND('',#2833,.T.);
#3047=FACE_BOUND('',#2834,.T.);
#3048=FACE_BOUND('',#2835,.T.);
#3049=FACE_BOUND('',#2836,.T.);
#3050=FACE_BOUND('',#2837,.T.);
#3051=FACE_BOUND('',#2838,.T.);
#3052=FACE_BOUND('',#2839,.T.);
#3053=FACE_BOUND('',#2840,.T.);
#3054=FACE_BOUND('',#2841,.T.);
#3055=FACE_BOUND('',#2842,.T.);
#3056=FACE_BOUND('',#2843,.T.);
#3057=FACE_BOUND('',#2844,.T.);
#3058=FACE_BOUND('',#2845,.T.);
#3059=FACE_BOUND('',#2846,.T.);
#3060=FACE_BOUND('',#2847,.T.);
#3061=FACE_BOUND('',#2848,.T.);
#3062=FACE_BOUND('',#2849,.T.);
#3063=FACE_BOUND('',#2850,.T.);
#3064=FACE_BOUND('',#2851,.T.);
#3065=FACE_BOUND('',#2852,.T.);
#3066=FACE_BOUND('',#2853,.T.);
#3067=FACE_BOUND('',#2854,.T.);
#3068=FACE_BOUND('',#2855,.T.);
#3069=FACE_BOUND('',#2856,.T.);
#3070=FACE_BOUND('',#2857,.T.);
#3071=FACE_BOUND('',#2858,.T.);
#3072=FACE_BOUND('',#2859,.T.);
#3073=FACE_BOUND('',#2860,.T.);
#3074=FACE_BOUND('',#2861,.T.);
#3075=FACE_BOUND('',#2862,.T.);
#3076=FACE_BOUND('',#2863,.T.);
#3077=FACE_BOUND('',#2864,.T.);
#3078=FACE_BOUND('',#2865,.T.);
#3079=FACE_BOUND('',#2866,.T.);
#3080=FACE_BOUND('',#2867,.T.);
#3081=FACE_BOUND('',#2868,.T.);
#3082=FACE_BOUND('',#2869,.T.);
#3083=FACE_BOUND('',#2870,.T.);
#3084=FACE_BOUND('',#2871,.T.);
#3085=FACE_BOUND('',#2872,.T.);
#3086=FACE_BOUND('',#2873,.T.);
#3087=FACE_BOUND('',#2874,.T.);
#3088=FACE_BOUND('',#2875,.T.);
#3089=FACE_BOUND('',#2876,.T.);
#3090=FACE_BOUND('',#2877,.T.);
#3091=FACE_BOUND('',#2878,.T.);
#3092=FACE_BOUND('',#2879,.T.);
#3093=FACE_BOUND('',#2880,.T.);
#3094=FACE_BOUND('',#2881,.T.);
#3095=FACE_BOUND('',#2882,.T.);
#3096=FACE_BOUND('',#2883,.T.);
#3097=FACE_BOUND('',#2884,.T.);
#3098=FACE_BOUND('',#2885,.T.);
#3099=FACE_BOUND('',#2886,.T.);
#3100=FACE_BOUND('',#2887,.T.);
#3101=FACE_BOUND('',#2888,.T.);
#3102=FACE_BOUND('',#2889,.T.);
#3103=FACE_BOUND('',#2890,.T.);
#3104=FACE_BOUND('',#2891,.T.);
#3105=FACE_BOUND('',#2892,.T.);
#3106=FACE_BOUND('',#2893,.T.);
#3107=FACE_BOUND('',#2894,.T.);
#3108=FACE_BOUND('',#2895,.T.);
#3109=FACE_BOUND('',#2896,.T.);
#3110=FACE_BOUND('',#2897,.T.);
#3111=FACE_BOUND('',#2898,.T.);
#3112=FACE_BOUND('',#2899,.T.);
#3113=FACE_BOUND('',#2900,.T.);
#3114=FACE_BOUND('',#2901,.T.);
#3115=FACE_BOUND('',#2902,.T.);
#3116=FACE_BOUND('',#2903,.T.);
#3117=FACE_BOUND('',#2904,.T.);
#3118=FACE_BOUND('',#2905,.T.);
#3119=FACE_BOUND('',#2906,.T.);
#3120=FACE_BOUND('',#2907,.T.);
#3121=FACE_BOUND('',#2908,.T.);
#3122=FACE_BOUND('',#2909,.T.);
#3123=FACE_BOUND('',#2910,.T.);
#3124=FACE_BOUND('',#2911,.T.);
#3125=FACE_BOUND('',#2912,.T.);
#3126=FACE_BOUND('',#2913,.T.);
#3127=FACE_BOUND('',#2914,.T.);
#3128=FACE_BOUND('',#2915,.T.);
#3129=FACE_BOUND('',#2916,.T.);
#3130=FACE_BOUND('',#2917,.T.);
#3131=FACE_BOUND('',#2918,.T.);
#3132=FACE_BOUND('',#2919,.T.);
#3133=FACE_BOUND('',#2920,.T.);
#3134=FACE_BOUND('',#2921,.T.);
#3135=FACE_BOUND('',#2922,.T.);
#3136=FACE_BOUND('',#2923,.T.);
#3137=FACE_BOUND('',#2924,.T.);
#3138=FACE_BOUND('',#2925,.T.);
#3139=FACE_BOUND('',#2926,.T.);
#3140=FACE_BOUND('',#2927,.T.);
#3141=FACE_BOUND('',#2928,.T.);
#3142=FACE_BOUND('',#2929,.T.);
#3143=FACE_BOUND('',#2930,.T.);
#3144=FACE_BOUND('',#2931,.T.);
#3145=FACE_BOUND('',#2932,.T.);
#3146=FACE_BOUND('',#2933,.T.);
#3147=FACE_BOUND('',#2934,.T.);
#3148=FACE_BOUND('',#2935,.T.);
#3149=FACE_BOUND('',#2936,.T.);
#3150=FACE_BOUND('',#2937,.T.);
#3151=FACE_BOUND('',#2938,.T.);
#3152=FACE_BOUND('',#2939,.T.);
#3153=FACE_BOUND('',#2940,.T.);
#3154=FACE_BOUND('',#2941,.T.);
#3155=FACE_BOUND('',#2942,.T.);
#3156=FACE_BOUND('',#2943,.T.);
#3157=FACE_BOUND('',#2944,.T.);
#3158=FACE_BOUND('',#2945,.T.);
#3159=FACE_BOUND('',#2946,.T.);
#3160=FACE_BOUND('',#2947,.T.);
#3161=FACE_BOUND('',#2948,.T.);
#3162=FACE_BOUND('',#2949,.T.);
#3163=FACE_BOUND('',#2950,.T.);
#3164=FACE_BOUND('',#2951,.T.);
#3165=FACE_BOUND('',#2952,.T.);
#3166=FACE_BOUND('',#2953,.T.);
#3167=FACE_BOUND('',#2954,.T.);
#3168=FACE_BOUND('',#2955,.T.);
#3169=FACE_BOUND('',#2956,.T.);
#3170=FACE_BOUND('',#2957,.T.);
#3171=FACE_BOUND('',#2958,.T.);
#3172=FACE_BOUND('',#2959,.T.);
#3173=FACE_BOUND('',#2960,.T.);
#3174=FACE_BOUND('',#2961,.T.);
#3175=FACE_BOUND('',#2962,.T.);
#3176=FACE_BOUND('',#2963,.T.);
#3177=FACE_BOUND('',#2964,.T.);
#3178=FACE_BOUND('',#2965,.T.);
#3179=FACE_BOUND('',#2966,.T.);
#3180=FACE_BOUND('',#2967,.T.);
#3181=FACE_BOUND('',#2968,.T.);
#3182=FACE_BOUND('',#2969,.T.);
#3183=FACE_BOUND('',#2970,.T.);
#3184=FACE_BOUND('',#2971,.T.);
#3185=FACE_BOUND('',#2972,.T.);
#3186=FACE_BOUND('',#2973,.T.);
#3187=FACE_BOUND('',#2974,.T.);
#3188=FACE_BOUND('',#2975,.T.);
#3189=FACE_BOUND('',#2976,.T.);
#3190=FACE_BOUND('',#2977,.T.);
#3191=FACE_BOUND('',#2978,.T.);
#3192=FACE_BOUND('',#2979,.T.);
#3193=FACE_BOUND('',#2980,.T.);
#3194=FACE_BOUND('',#2981,.T.);
#3195=FACE_BOUND('',#2982,.T.);
#3196=FACE_BOUND('',#2983,.T.);
#3197=FACE_BOUND('',#2984,.T.);
#3198=FACE_BOUND('',#2985,.T.);
#3199=FACE_BOUND('',#2986,.T.);
#3200=FACE_BOUND('',#2987,.T.);
#3201=FACE_BOUND('',#2988,.T.);
#3202=FACE_BOUND('',#2989,.T.);
#3203=FACE_BOUND('',#2990,.T.);
#3204=FACE_BOUND('',#2991,.T.);
#3205=FACE_BOUND('',#2992,.T.);
#3206=FACE_BOUND('',#2993,.T.);
#3207=FACE_BOUND('',#2994,.T.);
#3208=FACE_BOUND('',#2995,.T.);
#3209=FACE_BOUND('',#2996,.T.);
#3210=FACE_BOUND('',#2997,.T.);
#3211=FACE_BOUND('',#2998,.T.);
#3212=FACE_BOUND('',#2999,.T.);
#3213=FACE_BOUND('',#3000,.T.);
#3214=FACE_BOUND('',#3001,.T.);
#3215=FACE_BOUND('',#3002,.T.);
#3216=FACE_BOUND('',#3003,.T.);
#3217=FACE_BOUND('',#3004,.T.);
#3218=FACE_BOUND('',#3005,.T.);
#3219=FACE_BOUND('',#3006,.T.);
#3220=FACE_BOUND('',#3007,.T.);
#3221=FACE_BOUND('',#3008,.T.);
#3222=FACE_BOUND('',#3009,.T.);
#3223=FACE_BOUND('',#3010,.T.);
#3224=FACE_BOUND('',#3011,.T.);
#3225=FACE_BOUND('',#3012,.T.);
#3226=FACE_BOUND('',#3013,.T.);
#3227=FACE_BOUND('',#3014,.T.);
#3228=FACE_BOUND('',#3015,.T.);
#3229=FACE_BOUND('',#3016,.T.);
#3230=FACE_BOUND('',#3017,.T.);
#3231=PLANE('',#3625);
#3232=PLANE('',#3626);
#3233=PLANE('',#3627);
#3234=PLANE('',#3628);
#3235=PLANE('',#3629);
#3236=PLANE('',#3630);
#3237=PLANE('',#3631);
#3238=PLANE('',#3632);
#3239=PLANE('',#3633);
#3240=PLANE('',#3634);
#3241=PLANE('',#3635);
#3242=PLANE('',#3636);
#3243=PLANE('',#3637);
#3244=PLANE('',#3638);
#3245=PLANE('',#3639);
#3246=PLANE('',#3640);
#3247=PLANE('',#3641);
#3248=PLANE('',#3642);
#3249=PLANE('',#3643);
#3250=PLANE('',#3644);
#3251=PLANE('',#3645);
#3252=PLANE('',#3646);
#3253=PLANE('',#3647);
#3254=PLANE('',#3648);
#3255=PLANE('',#3649);
#3256=PLANE('',#3650);
#3257=PLANE('',#3651);
#3258=PLANE('',#3652);
#3259=PLANE('',#3653);
#3260=PLANE('',#3654);
#3261=PLANE('',#3655);
#3262=PLANE('',#3656);
#3263=PLANE('',#3657);
#3264=PLANE('',#3658);
#3265=PLANE('',#3659);
#3266=PLANE('',#3660);
#3267=PLANE('',#3661);
#3268=PLANE('',#3662);
#3269=PLANE('',#3663);
#3270=PLANE('',#3664);
#3271=PLANE('',#3665);
#3272=PLANE('',#3666);
#3273=PLANE('',#3667);
#3274=PLANE('',#3668);
#3275=PLANE('',#3669);
#3276=PLANE('',#3670);
#3277=PLANE('',#3671);
#3278=PLANE('',#3672);
#3279=PLANE('',#3673);
#3280=PLANE('',#3674);
#3281=PLANE('',#3675);
#3282=PLANE('',#3676);
#3283=PLANE('',#3677);
#3284=PLANE('',#3678);
#3285=PLANE('',#3679);
#3286=PLANE('',#3680);
#3287=PLANE('',#3681);
#3288=PLANE('',#3682);
#3289=PLANE('',#3683);
#3290=PLANE('',#3684);
#3291=PLANE('',#3685);
#3292=PLANE('',#3686);
#3293=PLANE('',#3687);
#3294=PLANE('',#3688);
#3295=PLANE('',#3689);
#3296=PLANE('',#3690);
#3297=PLANE('',#3691);
#3298=PLANE('',#3692);
#3299=PLANE('',#3693);
#3300=PLANE('',#3694);
#3301=PLANE('',#3695);
#3302=PLANE('',#3696);
#3303=PLANE('',#3697);
#3304=PLANE('',#3698);
#3305=PLANE('',#3700);
#3306=PLANE('',#3706);
#3307=PLANE('',#3708);
#3308=PLANE('',#3714);
#3309=PLANE('',#3720);
#3310=PLANE('',#3722);
#3311=PLANE('',#3725);
#3312=PLANE('',#3728);
#3313=PLANE('',#3731);
#3314=PLANE('',#3734);
#3315=PLANE('',#3738);
#3316=PLANE('',#3739);
#3317=PLANE('',#3740);
#3318=PLANE('',#3743);
#3319=PLANE('',#3746);
#3320=PLANE('',#3749);
#3321=PLANE('',#3764);
#3322=PLANE('',#3769);
#3323=PLANE('',#3774);
#3324=PLANE('',#3775);
#3325=PLANE('',#3776);
#3326=PLANE('',#3777);
#3327=PLANE('',#3778);
#3328=PLANE('',#3779);
#3329=PLANE('',#3780);
#3330=PLANE('',#3781);
#3331=PLANE('',#3782);
#3332=PLANE('',#3783);
#3333=PLANE('',#3786);
#3334=PLANE('',#3787);
#3335=PLANE('',#3788);
#3336=PLANE('',#3789);
#3337=PLANE('',#3790);
#3338=PLANE('',#3791);
#3339=PLANE('',#3792);
#3340=PLANE('',#3793);
#3341=PLANE('',#3794);
#3342=PLANE('',#3798);
#3343=PLANE('',#3799);
#3344=PLANE('',#3800);
#3345=PLANE('',#3801);
#3346=PLANE('',#3802);
#3347=PLANE('',#3806);
#3348=PLANE('',#3807);
#3349=PLANE('',#3808);
#3350=PLANE('',#3809);
#3351=PLANE('',#3810);
#3352=PLANE('',#3811);
#3353=PLANE('',#3812);
#3354=PLANE('',#3815);
#3355=PLANE('',#3816);
#3356=PLANE('',#3828);
#3357=PLANE('',#3830);
#3358=PLANE('',#3841);
#3359=PLANE('',#3842);
#3360=PLANE('',#3843);
#3361=PLANE('',#3844);
#3362=PLANE('',#3845);
#3363=PLANE('',#3846);
#3364=PLANE('',#3853);
#3365=PLANE('',#3860);
#3366=PLANE('',#3864);
#3367=PLANE('',#3866);
#3368=PLANE('',#3874);
#3369=PLANE('',#3875);
#3370=PLANE('',#3876);
#3371=PLANE('',#3877);
#3372=PLANE('',#3878);
#3373=PLANE('',#3879);
#3374=PLANE('',#3888);
#3375=PLANE('',#3895);
#3376=ADVANCED_FACE('',(#3018),#3231,.F.);
#3377=ADVANCED_FACE('',(#3019),#3232,.F.);
#3378=ADVANCED_FACE('',(#3020),#3233,.F.);
#3379=ADVANCED_FACE('',(#3021),#3234,.F.);
#3380=ADVANCED_FACE('',(#3022),#3235,.T.);
#3381=ADVANCED_FACE('',(#3023),#3236,.F.);
#3382=ADVANCED_FACE('',(#3024),#3237,.F.);
#3383=ADVANCED_FACE('',(#3025),#3238,.T.);
#3384=ADVANCED_FACE('',(#3026),#3239,.T.);
#3385=ADVANCED_FACE('',(#3027),#3240,.F.);
#3386=ADVANCED_FACE('',(#3028),#3241,.F.);
#3387=ADVANCED_FACE('',(#3029,#3030),#3242,.T.);
#3388=ADVANCED_FACE('',(#3031,#3032),#3243,.T.);
#3389=ADVANCED_FACE('',(#3033),#3244,.T.);
#3390=ADVANCED_FACE('',(#3034),#3245,.T.);
#3391=ADVANCED_FACE('',(#3035),#3246,.F.);
#3392=ADVANCED_FACE('',(#3036),#3247,.F.);
#3393=ADVANCED_FACE('',(#3037),#3248,.F.);
#3394=ADVANCED_FACE('',(#3038),#3249,.F.);
#3395=ADVANCED_FACE('',(#3039),#3250,.T.);
#3396=ADVANCED_FACE('',(#3040,#3041),#3251,.T.);
#3397=ADVANCED_FACE('',(#3042),#3252,.F.);
#3398=ADVANCED_FACE('',(#3043),#3253,.F.);
#3399=ADVANCED_FACE('',(#3044),#3254,.F.);
#3400=ADVANCED_FACE('',(#3045),#3255,.F.);
#3401=ADVANCED_FACE('',(#3046),#3256,.T.);
#3402=ADVANCED_FACE('',(#3047,#3048),#3257,.T.);
#3403=ADVANCED_FACE('',(#3049),#3258,.T.);
#3404=ADVANCED_FACE('',(#3050),#3259,.T.);
#3405=ADVANCED_FACE('',(#3051),#3260,.T.);
#3406=ADVANCED_FACE('',(#3052),#3261,.T.);
#3407=ADVANCED_FACE('',(#3053),#3262,.T.);
#3408=ADVANCED_FACE('',(#3054),#3263,.T.);
#3409=ADVANCED_FACE('',(#3055),#3264,.T.);
#3410=ADVANCED_FACE('',(#3056),#3265,.T.);
#3411=ADVANCED_FACE('',(#3057),#3266,.T.);
#3412=ADVANCED_FACE('',(#3058),#3267,.T.);
#3413=ADVANCED_FACE('',(#3059),#3268,.T.);
#3414=ADVANCED_FACE('',(#3060),#3269,.F.);
#3415=ADVANCED_FACE('',(#3061),#3270,.F.);
#3416=ADVANCED_FACE('',(#3062),#3271,.F.);
#3417=ADVANCED_FACE('',(#3063),#3272,.T.);
#3418=ADVANCED_FACE('',(#3064),#3273,.F.);
#3419=ADVANCED_FACE('',(#3065),#3274,.F.);
#3420=ADVANCED_FACE('',(#3066),#3275,.T.);
#3421=ADVANCED_FACE('',(#3067),#3276,.T.);
#3422=ADVANCED_FACE('',(#3068),#3277,.T.);
#3423=ADVANCED_FACE('',(#3069),#3278,.F.);
#3424=ADVANCED_FACE('',(#3070),#3279,.T.);
#3425=ADVANCED_FACE('',(#3071),#3280,.F.);
#3426=ADVANCED_FACE('',(#3072),#3281,.T.);
#3427=ADVANCED_FACE('',(#3073),#3282,.T.);
#3428=ADVANCED_FACE('',(#3074),#3283,.T.);
#3429=ADVANCED_FACE('',(#3075),#3284,.T.);
#3430=ADVANCED_FACE('',(#3076),#3285,.T.);
#3431=ADVANCED_FACE('',(#3077),#3286,.T.);
#3432=ADVANCED_FACE('',(#3078),#3287,.T.);
#3433=ADVANCED_FACE('',(#3079),#3288,.F.);
#3434=ADVANCED_FACE('',(#3080),#3289,.T.);
#3435=ADVANCED_FACE('',(#3081),#3290,.T.);
#3436=ADVANCED_FACE('',(#3082),#3291,.T.);
#3437=ADVANCED_FACE('',(#3083),#3292,.F.);
#3438=ADVANCED_FACE('',(#3084),#3293,.T.);
#3439=ADVANCED_FACE('',(#3085),#3294,.T.);
#3440=ADVANCED_FACE('',(#3086),#3295,.T.);
#3441=ADVANCED_FACE('',(#3087),#3296,.T.);
#3442=ADVANCED_FACE('',(#3088),#3297,.T.);
#3443=ADVANCED_FACE('',(#3089),#3298,.F.);
#3444=ADVANCED_FACE('',(#3090),#3299,.T.);
#3445=ADVANCED_FACE('',(#3091),#3300,.T.);
#3446=ADVANCED_FACE('',(#3092),#3301,.F.);
#3447=ADVANCED_FACE('',(#3093),#3302,.F.);
#3448=ADVANCED_FACE('',(#3094),#3303,.F.);
#3449=ADVANCED_FACE('',(#3095),#3304,.T.);
#3450=ADVANCED_FACE('',(#3096),#3305,.F.);
#3451=ADVANCED_FACE('',(#3097,#3098),#58,.T.);
#3452=ADVANCED_FACE('',(#3099,#3100),#20,.T.);
#3453=ADVANCED_FACE('',(#3101),#3306,.F.);
#3454=ADVANCED_FACE('',(#3102),#3307,.F.);
#3455=ADVANCED_FACE('',(#3103,#3104),#59,.T.);
#3456=ADVANCED_FACE('',(#3105,#3106),#21,.T.);
#3457=ADVANCED_FACE('',(#3107,#3108),#3308,.F.);
#3458=ADVANCED_FACE('',(#3109,#3110),#22,.F.);
#3459=ADVANCED_FACE('',(#3111,#3112),#60,.F.);
#3460=ADVANCED_FACE('',(#3113),#3309,.F.);
#3461=ADVANCED_FACE('',(#3114),#3310,.T.);
#3462=ADVANCED_FACE('',(#3115),#3311,.F.);
#3463=ADVANCED_FACE('',(#3116),#3312,.T.);
#3464=ADVANCED_FACE('',(#3117),#3313,.F.);
#3465=ADVANCED_FACE('',(#3118),#3314,.F.);
#3466=ADVANCED_FACE('',(#3119),#23,.T.);
#3467=ADVANCED_FACE('',(#3120),#3315,.F.);
#3468=ADVANCED_FACE('',(#3121),#3316,.F.);
#3469=ADVANCED_FACE('',(#3122,#3123),#3317,.F.);
#3470=ADVANCED_FACE('',(#3124,#3125),#3318,.F.);
#3471=ADVANCED_FACE('',(#3126,#3127),#3319,.F.);
#3472=ADVANCED_FACE('',(#3128,#3129),#3320,.F.);
#3473=ADVANCED_FACE('',(#3130),#24,.T.);
#3474=ADVANCED_FACE('',(#3131),#25,.T.);
#3475=ADVANCED_FACE('',(#3132),#26,.F.);
#3476=ADVANCED_FACE('',(#3133),#27,.F.);
#3477=ADVANCED_FACE('',(#3134),#28,.F.);
#3478=ADVANCED_FACE('',(#3135),#29,.F.);
#3479=ADVANCED_FACE('',(#3136),#3321,.F.);
#3480=ADVANCED_FACE('',(#3137),#30,.T.);
#3481=ADVANCED_FACE('',(#3138,#3139,#3140),#3322,.F.);
#3482=ADVANCED_FACE('',(#3141),#31,.T.);
#3483=ADVANCED_FACE('',(#3142),#3323,.T.);
#3484=ADVANCED_FACE('',(#3143),#3324,.T.);
#3485=ADVANCED_FACE('',(#3144),#3325,.T.);
#3486=ADVANCED_FACE('',(#3145),#3326,.T.);
#3487=ADVANCED_FACE('',(#3146),#3327,.T.);
#3488=ADVANCED_FACE('',(#3147),#3328,.T.);
#3489=ADVANCED_FACE('',(#3148),#3329,.T.);
#3490=ADVANCED_FACE('',(#3149),#3330,.T.);
#3491=ADVANCED_FACE('',(#3150),#3331,.T.);
#3492=ADVANCED_FACE('',(#3151),#3332,.T.);
#3493=ADVANCED_FACE('',(#3152),#32,.F.);
#3494=ADVANCED_FACE('',(#3153),#33,.F.);
#3495=ADVANCED_FACE('',(#3154),#3333,.T.);
#3496=ADVANCED_FACE('',(#3155),#3334,.T.);
#3497=ADVANCED_FACE('',(#3156),#3335,.T.);
#3498=ADVANCED_FACE('',(#3157),#3336,.T.);
#3499=ADVANCED_FACE('',(#3158),#3337,.T.);
#3500=ADVANCED_FACE('',(#3159),#3338,.T.);
#3501=ADVANCED_FACE('',(#3160),#3339,.T.);
#3502=ADVANCED_FACE('',(#3161),#3340,.T.);
#3503=ADVANCED_FACE('',(#3162),#3341,.T.);
#3504=ADVANCED_FACE('',(#3163),#34,.T.);
#3505=ADVANCED_FACE('',(#3164),#3342,.T.);
#3506=ADVANCED_FACE('',(#3165),#3343,.T.);
#3507=ADVANCED_FACE('',(#3166),#3344,.F.);
#3508=ADVANCED_FACE('',(#3167),#3345,.T.);
#3509=ADVANCED_FACE('',(#3168),#3346,.F.);
#3510=ADVANCED_FACE('',(#3169),#35,.T.);
#3511=ADVANCED_FACE('',(#3170),#3347,.F.);
#3512=ADVANCED_FACE('',(#3171),#3348,.F.);
#3513=ADVANCED_FACE('',(#3172),#3349,.T.);
#3514=ADVANCED_FACE('',(#3173),#3350,.F.);
#3515=ADVANCED_FACE('',(#3174),#3351,.T.);
#3516=ADVANCED_FACE('',(#3175),#3352,.F.);
#3517=ADVANCED_FACE('',(#3176),#3353,.T.);
#3518=ADVANCED_FACE('',(#3177),#36,.T.);
#3519=ADVANCED_FACE('',(#3178),#37,.T.);
#3520=ADVANCED_FACE('',(#3179),#3354,.T.);
#3521=ADVANCED_FACE('',(#3180),#3355,.T.);
#3522=ADVANCED_FACE('',(#3181),#38,.T.);
#3523=ADVANCED_FACE('',(#3182),#39,.T.);
#3524=ADVANCED_FACE('',(#3183),#40,.T.);
#3525=ADVANCED_FACE('',(#3184),#41,.F.);
#3526=ADVANCED_FACE('',(#3185),#42,.T.);
#3527=ADVANCED_FACE('',(#3186),#3356,.F.);
#3528=ADVANCED_FACE('',(#3187),#3357,.F.);
#3529=ADVANCED_FACE('',(#3188),#43,.F.);
#3530=ADVANCED_FACE('',(#3189),#44,.T.);
#3531=ADVANCED_FACE('',(#3190),#45,.F.);
#3532=ADVANCED_FACE('',(#3191),#3358,.T.);
#3533=ADVANCED_FACE('',(#3192),#3359,.F.);
#3534=ADVANCED_FACE('',(#3193),#3360,.F.);
#3535=ADVANCED_FACE('',(#3194),#3361,.F.);
#3536=ADVANCED_FACE('',(#3195),#3362,.F.);
#3537=ADVANCED_FACE('',(#3196),#3363,.T.);
#3538=ADVANCED_FACE('',(#3197),#3364,.F.);
#3539=ADVANCED_FACE('',(#3198),#3365,.F.);
#3540=ADVANCED_FACE('',(#3199),#46,.T.);
#3541=ADVANCED_FACE('',(#3200),#47,.F.);
#3542=ADVANCED_FACE('',(#3201),#48,.T.);
#3543=ADVANCED_FACE('',(#3202),#3366,.F.);
#3544=ADVANCED_FACE('',(#3203),#3367,.F.);
#3545=ADVANCED_FACE('',(#3204),#49,.F.);
#3546=ADVANCED_FACE('',(#3205),#50,.T.);
#3547=ADVANCED_FACE('',(#3206),#51,.F.);
#3548=ADVANCED_FACE('',(#3207),#52,.T.);
#3549=ADVANCED_FACE('',(#3208),#53,.T.);
#3550=ADVANCED_FACE('',(#3209),#3368,.F.);
#3551=ADVANCED_FACE('',(#3210),#3369,.F.);
#3552=ADVANCED_FACE('',(#3211),#3370,.F.);
#3553=ADVANCED_FACE('',(#3212),#3371,.F.);
#3554=ADVANCED_FACE('',(#3213),#3372,.T.);
#3555=ADVANCED_FACE('',(#3214,#3215,#3216),#3373,.F.);
#3556=ADVANCED_FACE('',(#3217,#3218),#54,.T.);
#3557=ADVANCED_FACE('',(#3219,#3220),#18,.T.);
#3558=ADVANCED_FACE('',(#3221,#3222),#55,.T.);
#3559=ADVANCED_FACE('',(#3223),#3374,.T.);
#3560=ADVANCED_FACE('',(#3224,#3225),#56,.T.);
#3561=ADVANCED_FACE('',(#3226,#3227),#19,.T.);
#3562=ADVANCED_FACE('',(#3228,#3229),#57,.T.);
#3563=ADVANCED_FACE('',(#3230),#3375,.T.);
#3564=CLOSED_SHELL('',(#3376,#3377,#3378,#3379,#3380,#3381,#3382,#3383,
#3384,#3385,#3386,#3387,#3388,#3389,#3390,#3391,#3392,#3393,#3394,#3395,
#3396,#3397,#3398,#3399,#3400,#3401,#3402,#3403,#3404,#3405,#3406,#3407,
#3408,#3409,#3410,#3411,#3412,#3413,#3414,#3415,#3416,#3417,#3418,#3419,
#3420,#3421,#3422,#3423,#3424,#3425,#3426,#3427,#3428,#3429,#3430,#3431,
#3432,#3433,#3434,#3435,#3436,#3437,#3438,#3439,#3440,#3441,#3442,#3443,
#3444,#3445,#3446,#3447,#3448,#3449));
#3565=CLOSED_SHELL('',(#3450,#3451,#3452,#3453));
#3566=CLOSED_SHELL('',(#3454,#3455,#3456,#3457,#3458,#3459,#3460));
#3567=CLOSED_SHELL('',(#3461,#3462,#3463,#3464,#3465,#3466,#3467,#3468,
#3469,#3470,#3471,#3472,#3473,#3474,#3475,#3476,#3477,#3478,#3479,#3480,
#3481,#3482,#3483,#3484,#3485,#3486,#3487,#3488,#3489,#3490,#3491,#3492,
#3493,#3494,#3495,#3496,#3497,#3498,#3499,#3500,#3501,#3502,#3503,#3504,
#3505,#3506,#3507,#3508,#3509,#3510,#3511,#3512,#3513,#3514,#3515,#3516,
#3517,#3518,#3519,#3520,#3521,#3522,#3523,#3524,#3525,#3526,#3527,#3528,
#3529,#3530,#3531,#3532,#3533,#3534,#3535,#3536,#3537,#3538,#3539,#3540,
#3541,#3542,#3543,#3544,#3545,#3546,#3547,#3548,#3549));
#3568=CLOSED_SHELL('',(#3550,#3551,#3552,#3553,#3554,#3555,#3556,#3557,
#3558,#3559,#3560,#3561,#3562,#3563));
#3569=STYLED_ITEM('',(#3574),#3607);
#3570=STYLED_ITEM('',(#3575),#3608);
#3571=STYLED_ITEM('',(#3576),#3609);
#3572=STYLED_ITEM('',(#3577),#3610);
#3573=STYLED_ITEM('',(#3578),#3611);
#3574=PRESENTATION_STYLE_ASSIGNMENT((#3579));
#3575=PRESENTATION_STYLE_ASSIGNMENT((#3580));
#3576=PRESENTATION_STYLE_ASSIGNMENT((#3581));
#3577=PRESENTATION_STYLE_ASSIGNMENT((#3582));
#3578=PRESENTATION_STYLE_ASSIGNMENT((#3583));
#3579=SURFACE_STYLE_USAGE(.BOTH.,#3584);
#3580=SURFACE_STYLE_USAGE(.BOTH.,#3585);
#3581=SURFACE_STYLE_USAGE(.BOTH.,#3586);
#3582=SURFACE_STYLE_USAGE(.BOTH.,#3587);
#3583=SURFACE_STYLE_USAGE(.BOTH.,#3588);
#3584=SURFACE_SIDE_STYLE('',(#3589));
#3585=SURFACE_SIDE_STYLE('',(#3590));
#3586=SURFACE_SIDE_STYLE('',(#3591));
#3587=SURFACE_SIDE_STYLE('',(#3592));
#3588=SURFACE_SIDE_STYLE('',(#3593));
#3589=SURFACE_STYLE_FILL_AREA(#3594);
#3590=SURFACE_STYLE_FILL_AREA(#3595);
#3591=SURFACE_STYLE_FILL_AREA(#3596);
#3592=SURFACE_STYLE_FILL_AREA(#3597);
#3593=SURFACE_STYLE_FILL_AREA(#3598);
#3594=FILL_AREA_STYLE('',(#3599));
#3595=FILL_AREA_STYLE('',(#3600));
#3596=FILL_AREA_STYLE('',(#3601));
#3597=FILL_AREA_STYLE('',(#3602));
#3598=FILL_AREA_STYLE('',(#3603));
#3599=FILL_AREA_STYLE_COLOUR('',#3604);
#3600=FILL_AREA_STYLE_COLOUR('',#140);
#3601=FILL_AREA_STYLE_COLOUR('',#141);
#3602=FILL_AREA_STYLE_COLOUR('',#3605);
#3603=FILL_AREA_STYLE_COLOUR('',#3606);
#3604=COLOUR_RGB('',0.689999997615814,0.689999997615814,0.689999997615814);
#3605=COLOUR_RGB('',0.949999988079071,0.949999988079071,0.949999988079071);
#3606=COLOUR_RGB('',1.,0.839999973773956,0.);
#3607=MANIFOLD_SOLID_BREP('AB11H-body',#3564);
#3608=MANIFOLD_SOLID_BREP('AB11A-plungers',#3565);
#3609=MANIFOLD_SOLID_BREP('AB1AP-HC-caps',#3566);
#3610=MANIFOLD_SOLID_BREP('AB1H-bracket_ra',#3567);
#3611=MANIFOLD_SOLID_BREP('AB11H-terminals',#3568);
#3612=SHAPE_DEFINITION_REPRESENTATION(#5892,#3618);
#3613=SHAPE_DEFINITION_REPRESENTATION(#5893,#3619);
#3614=SHAPE_DEFINITION_REPRESENTATION(#5895,#3620);
#3615=SHAPE_DEFINITION_REPRESENTATION(#5897,#3621);
#3616=SHAPE_DEFINITION_REPRESENTATION(#5899,#3622);
#3617=SHAPE_DEFINITION_REPRESENTATION(#5901,#3623);
#3618=SHAPE_REPRESENTATION('AB11AH-HC',(#3624,#3699,#3707,#3721,#3873,#3896),
#5874);
#3619=SHAPE_REPRESENTATION('AB11H-body',(#3624),#5875);
#3620=SHAPE_REPRESENTATION('AB11A-plungers',(#3624),#5876);
#3621=SHAPE_REPRESENTATION('AB1AP-HC-caps',(#3624),#5877);
#3622=SHAPE_REPRESENTATION('AB1H-bracket_ra',(#3624),#5878);
#3623=SHAPE_REPRESENTATION('AB11H-terminals',(#3624),#5879);
#3624=AXIS2_PLACEMENT_3D('',#4856,#3897,#3898);
#3625=AXIS2_PLACEMENT_3D('',#4857,#3899,#3900);
#3626=AXIS2_PLACEMENT_3D('',#4868,#3906,#3907);
#3627=AXIS2_PLACEMENT_3D('',#4879,#3913,#3914);
#3628=AXIS2_PLACEMENT_3D('',#4890,#3920,#3921);
#3629=AXIS2_PLACEMENT_3D('',#4901,#3927,#3928);
#3630=AXIS2_PLACEMENT_3D('',#4918,#3937,#3938);
#3631=AXIS2_PLACEMENT_3D('',#4921,#3941,#3942);
#3632=AXIS2_PLACEMENT_3D('',#4924,#3945,#3946);
#3633=AXIS2_PLACEMENT_3D('',#4928,#3950,#3951);
#3634=AXIS2_PLACEMENT_3D('',#4937,#3958,#3959);
#3635=AXIS2_PLACEMENT_3D('',#4939,#3961,#3962);
#3636=AXIS2_PLACEMENT_3D('',#4941,#3964,#3965);
#3637=AXIS2_PLACEMENT_3D('',#4974,#3982,#3983);
#3638=AXIS2_PLACEMENT_3D('',#5000,#3997,#3998);
#3639=AXIS2_PLACEMENT_3D('',#5009,#4003,#4004);
#3640=AXIS2_PLACEMENT_3D('',#5015,#4008,#4009);
#3641=AXIS2_PLACEMENT_3D('',#5021,#4013,#4014);
#3642=AXIS2_PLACEMENT_3D('',#5030,#4019,#4020);
#3643=AXIS2_PLACEMENT_3D('',#5039,#4025,#4026);
#3644=AXIS2_PLACEMENT_3D('',#5048,#4031,#4032);
#3645=AXIS2_PLACEMENT_3D('',#5061,#4041,#4042);
#3646=AXIS2_PLACEMENT_3D('',#5081,#4054,#4055);
#3647=AXIS2_PLACEMENT_3D('',#5089,#4060,#4061);
#3648=AXIS2_PLACEMENT_3D('',#5095,#4065,#4066);
#3649=AXIS2_PLACEMENT_3D('',#5101,#4070,#4071);
#3650=AXIS2_PLACEMENT_3D('',#5109,#4076,#4077);
#3651=AXIS2_PLACEMENT_3D('',#5116,#4082,#4083);
#3652=AXIS2_PLACEMENT_3D('',#5133,#4093,#4094);
#3653=AXIS2_PLACEMENT_3D('',#5138,#4098,#4099);
#3654=AXIS2_PLACEMENT_3D('',#5140,#4101,#4102);
#3655=AXIS2_PLACEMENT_3D('',#5147,#4107,#4108);
#3656=AXIS2_PLACEMENT_3D('',#5153,#4113,#4114);
#3657=AXIS2_PLACEMENT_3D('',#5154,#4115,#4116);
#3658=AXIS2_PLACEMENT_3D('',#5155,#4117,#4118);
#3659=AXIS2_PLACEMENT_3D('',#5161,#4123,#4124);
#3660=AXIS2_PLACEMENT_3D('',#5162,#4125,#4126);
#3661=AXIS2_PLACEMENT_3D('',#5163,#4127,#4128);
#3662=AXIS2_PLACEMENT_3D('',#5164,#4129,#4130);
#3663=AXIS2_PLACEMENT_3D('',#5166,#4132,#4133);
#3664=AXIS2_PLACEMENT_3D('',#5167,#4134,#4135);
#3665=AXIS2_PLACEMENT_3D('',#5171,#4138,#4139);
#3666=AXIS2_PLACEMENT_3D('',#5173,#4141,#4142);
#3667=AXIS2_PLACEMENT_3D('',#5174,#4143,#4144);
#3668=AXIS2_PLACEMENT_3D('',#5178,#4147,#4148);
#3669=AXIS2_PLACEMENT_3D('',#5180,#4150,#4151);
#3670=AXIS2_PLACEMENT_3D('',#5181,#4152,#4153);
#3671=AXIS2_PLACEMENT_3D('',#5187,#4157,#4158);
#3672=AXIS2_PLACEMENT_3D('',#5189,#4160,#4161);
#3673=AXIS2_PLACEMENT_3D('',#5191,#4163,#4164);
#3674=AXIS2_PLACEMENT_3D('',#5192,#4165,#4166);
#3675=AXIS2_PLACEMENT_3D('',#5198,#4170,#4171);
#3676=AXIS2_PLACEMENT_3D('',#5200,#4173,#4174);
#3677=AXIS2_PLACEMENT_3D('',#5202,#4176,#4177);
#3678=AXIS2_PLACEMENT_3D('',#5203,#4178,#4179);
#3679=AXIS2_PLACEMENT_3D('',#5209,#4183,#4184);
#3680=AXIS2_PLACEMENT_3D('',#5215,#4188,#4189);
#3681=AXIS2_PLACEMENT_3D('',#5218,#4192,#4193);
#3682=AXIS2_PLACEMENT_3D('',#5219,#4194,#4195);
#3683=AXIS2_PLACEMENT_3D('',#5220,#4196,#4197);
#3684=AXIS2_PLACEMENT_3D('',#5226,#4201,#4202);
#3685=AXIS2_PLACEMENT_3D('',#5232,#4206,#4207);
#3686=AXIS2_PLACEMENT_3D('',#5235,#4210,#4211);
#3687=AXIS2_PLACEMENT_3D('',#5236,#4212,#4213);
#3688=AXIS2_PLACEMENT_3D('',#5237,#4214,#4215);
#3689=AXIS2_PLACEMENT_3D('',#5243,#4219,#4220);
#3690=AXIS2_PLACEMENT_3D('',#5249,#4224,#4225);
#3691=AXIS2_PLACEMENT_3D('',#5252,#4228,#4229);
#3692=AXIS2_PLACEMENT_3D('',#5253,#4230,#4231);
#3693=AXIS2_PLACEMENT_3D('',#5254,#4232,#4233);
#3694=AXIS2_PLACEMENT_3D('',#5255,#4234,#4235);
#3695=AXIS2_PLACEMENT_3D('',#5256,#4236,#4237);
#3696=AXIS2_PLACEMENT_3D('',#5262,#4241,#4242);
#3697=AXIS2_PLACEMENT_3D('',#5264,#4244,#4245);
#3698=AXIS2_PLACEMENT_3D('',#5266,#4247,#4248);
#3699=AXIS2_PLACEMENT_3D('',#5267,#4249,#4250);
#3700=AXIS2_PLACEMENT_3D('',#5268,#4251,#4252);
#3701=AXIS2_PLACEMENT_3D('',#5269,#4253,#4254);
#3702=AXIS2_PLACEMENT_3D('',#5271,#4255,#4256);
#3703=AXIS2_PLACEMENT_3D('',#5272,#4257,#4258);
#3704=AXIS2_PLACEMENT_3D('',#5274,#4259,#4260);
#3705=AXIS2_PLACEMENT_3D('',#5275,#4261,#4262);
#3706=AXIS2_PLACEMENT_3D('',#5277,#4263,#4264);
#3707=AXIS2_PLACEMENT_3D('',#5278,#4265,#4266);
#3708=AXIS2_PLACEMENT_3D('',#5279,#4267,#4268);
#3709=AXIS2_PLACEMENT_3D('',#5280,#4269,#4270);
#3710=AXIS2_PLACEMENT_3D('',#5282,#4271,#4272);
#3711=AXIS2_PLACEMENT_3D('',#5283,#4273,#4274);
#3712=AXIS2_PLACEMENT_3D('',#5285,#4275,#4276);
#3713=AXIS2_PLACEMENT_3D('',#5286,#4277,#4278);
#3714=AXIS2_PLACEMENT_3D('',#5288,#4279,#4280);
#3715=AXIS2_PLACEMENT_3D('',#5289,#4281,#4282);
#3716=AXIS2_PLACEMENT_3D('',#5291,#4283,#4284);
#3717=AXIS2_PLACEMENT_3D('',#5292,#4285,#4286);
#3718=AXIS2_PLACEMENT_3D('',#5294,#4287,#4288);
#3719=AXIS2_PLACEMENT_3D('',#5295,#4289,#4290);
#3720=AXIS2_PLACEMENT_3D('',#5297,#4291,#4292);
#3721=AXIS2_PLACEMENT_3D('',#5298,#4293,#4294);
#3722=AXIS2_PLACEMENT_3D('',#5299,#4295,#4296);
#3723=AXIS2_PLACEMENT_3D('',#5307,#4300,#4301);
#3724=AXIS2_PLACEMENT_3D('',#5315,#4305,#4306);
#3725=AXIS2_PLACEMENT_3D('',#5316,#4307,#4308);
#3726=AXIS2_PLACEMENT_3D('',#5322,#4311,#4312);
#3727=AXIS2_PLACEMENT_3D('',#5330,#4316,#4317);
#3728=AXIS2_PLACEMENT_3D('',#5333,#4319,#4320);
#3729=AXIS2_PLACEMENT_3D('',#5341,#4324,#4325);
#3730=AXIS2_PLACEMENT_3D('',#5349,#4329,#4330);
#3731=AXIS2_PLACEMENT_3D('',#5350,#4331,#4332);
#3732=AXIS2_PLACEMENT_3D('',#5356,#4335,#4336);
#3733=AXIS2_PLACEMENT_3D('',#5364,#4340,#4341);
#3734=AXIS2_PLACEMENT_3D('',#5367,#4343,#4344);
#3735=AXIS2_PLACEMENT_3D('',#5375,#4349,#4350);
#3736=AXIS2_PLACEMENT_3D('',#5376,#4351,#4352);
#3737=AXIS2_PLACEMENT_3D('',#5381,#4354,#4355);
#3738=AXIS2_PLACEMENT_3D('',#5384,#4357,#4358);
#3739=AXIS2_PLACEMENT_3D('',#5390,#4362,#4363);
#3740=AXIS2_PLACEMENT_3D('',#5393,#4366,#4367);
#3741=AXIS2_PLACEMENT_3D('',#5394,#4368,#4369);
#3742=AXIS2_PLACEMENT_3D('',#5398,#4371,#4372);
#3743=AXIS2_PLACEMENT_3D('',#5420,#4384,#4385);
#3744=AXIS2_PLACEMENT_3D('',#5424,#4387,#4388);
#3745=AXIS2_PLACEMENT_3D('',#5438,#4396,#4397);
#3746=AXIS2_PLACEMENT_3D('',#5447,#4402,#4403);
#3747=AXIS2_PLACEMENT_3D('',#5448,#4404,#4405);
#3748=AXIS2_PLACEMENT_3D('',#5452,#4407,#4408);
#3749=AXIS2_PLACEMENT_3D('',#5474,#4420,#4421);
#3750=AXIS2_PLACEMENT_3D('',#5478,#4423,#4424);
#3751=AXIS2_PLACEMENT_3D('',#5492,#4432,#4433);
#3752=AXIS2_PLACEMENT_3D('',#5501,#4438,#4439);
#3753=AXIS2_PLACEMENT_3D('',#5504,#4441,#4442);
#3754=AXIS2_PLACEMENT_3D('',#5505,#4443,#4444);
#3755=AXIS2_PLACEMENT_3D('',#5506,#4445,#4446);
#3756=AXIS2_PLACEMENT_3D('',#5509,#4448,#4449);
#3757=AXIS2_PLACEMENT_3D('',#5512,#4451,#4452);
#3758=AXIS2_PLACEMENT_3D('',#5513,#4453,#4454);
#3759=AXIS2_PLACEMENT_3D('',#5514,#4455,#4456);
#3760=AXIS2_PLACEMENT_3D('',#5517,#4458,#4459);
#3761=AXIS2_PLACEMENT_3D('',#5518,#4460,#4461);
#3762=AXIS2_PLACEMENT_3D('',#5521,#4463,#4464);
#3763=AXIS2_PLACEMENT_3D('',#5524,#4466,#4467);
#3764=AXIS2_PLACEMENT_3D('',#5525,#4468,#4469);
#3765=AXIS2_PLACEMENT_3D('',#5537,#4476,#4477);
#3766=AXIS2_PLACEMENT_3D('',#5547,#4483,#4484);
#3767=AXIS2_PLACEMENT_3D('',#5551,#4487,#4488);
#3768=AXIS2_PLACEMENT_3D('',#5554,#4490,#4491);
#3769=AXIS2_PLACEMENT_3D('',#5555,#4492,#4493);
#3770=AXIS2_PLACEMENT_3D('',#5572,#4502,#4503);
#3771=AXIS2_PLACEMENT_3D('',#5581,#4508,#4509);
#3772=AXIS2_PLACEMENT_3D('',#5588,#4514,#4515);
#3773=AXIS2_PLACEMENT_3D('',#5589,#4516,#4517);
#3774=AXIS2_PLACEMENT_3D('',#5590,#4518,#4519);
#3775=AXIS2_PLACEMENT_3D('',#5593,#4522,#4523);
#3776=AXIS2_PLACEMENT_3D('',#5596,#4526,#4527);
#3777=AXIS2_PLACEMENT_3D('',#5598,#4529,#4530);
#3778=AXIS2_PLACEMENT_3D('',#5600,#4532,#4533);
#3779=AXIS2_PLACEMENT_3D('',#5601,#4534,#4535);
#3780=AXIS2_PLACEMENT_3D('',#5604,#4538,#4539);
#3781=AXIS2_PLACEMENT_3D('',#5606,#4541,#4542);
#3782=AXIS2_PLACEMENT_3D('',#5608,#4544,#4545);
#3783=AXIS2_PLACEMENT_3D('',#5610,#4547,#4548);
#3784=AXIS2_PLACEMENT_3D('',#5612,#4550,#4551);
#3785=AXIS2_PLACEMENT_3D('',#5613,#4552,#4553);
#3786=AXIS2_PLACEMENT_3D('',#5614,#4554,#4555);
#3787=AXIS2_PLACEMENT_3D('',#5617,#4558,#4559);
#3788=AXIS2_PLACEMENT_3D('',#5619,#4561,#4562);
#3789=AXIS2_PLACEMENT_3D('',#5621,#4564,#4565);
#3790=AXIS2_PLACEMENT_3D('',#5622,#4566,#4567);
#3791=AXIS2_PLACEMENT_3D('',#5625,#4570,#4571);
#3792=AXIS2_PLACEMENT_3D('',#5627,#4573,#4574);
#3793=AXIS2_PLACEMENT_3D('',#5629,#4576,#4577);
#3794=AXIS2_PLACEMENT_3D('',#5630,#4578,#4579);
#3795=AXIS2_PLACEMENT_3D('',#5636,#4583,#4584);
#3796=AXIS2_PLACEMENT_3D('',#5637,#4585,#4586);
#3797=AXIS2_PLACEMENT_3D('',#5639,#4587,#4588);
#3798=AXIS2_PLACEMENT_3D('',#5642,#4590,#4591);
#3799=AXIS2_PLACEMENT_3D('',#5648,#4595,#4596);
#3800=AXIS2_PLACEMENT_3D('',#5651,#4599,#4600);
#3801=AXIS2_PLACEMENT_3D('',#5652,#4601,#4602);
#3802=AXIS2_PLACEMENT_3D('',#5653,#4603,#4604);
#3803=AXIS2_PLACEMENT_3D('',#5659,#4608,#4609);
#3804=AXIS2_PLACEMENT_3D('',#5663,#4611,#4612);
#3805=AXIS2_PLACEMENT_3D('',#5664,#4613,#4614);
#3806=AXIS2_PLACEMENT_3D('',#5665,#4615,#4616);
#3807=AXIS2_PLACEMENT_3D('',#5671,#4620,#4621);
#3808=AXIS2_PLACEMENT_3D('',#5674,#4624,#4625);
#3809=AXIS2_PLACEMENT_3D('',#5675,#4626,#4627);
#3810=AXIS2_PLACEMENT_3D('',#5676,#4628,#4629);
#3811=AXIS2_PLACEMENT_3D('',#5679,#4632,#4633);
#3812=AXIS2_PLACEMENT_3D('',#5680,#4634,#4635);
#3813=AXIS2_PLACEMENT_3D('',#5681,#4636,#4637);
#3814=AXIS2_PLACEMENT_3D('',#5683,#4639,#4640);
#3815=AXIS2_PLACEMENT_3D('',#5685,#4642,#4643);
#3816=AXIS2_PLACEMENT_3D('',#5686,#4644,#4645);
#3817=AXIS2_PLACEMENT_3D('',#5689,#4648,#4649);
#3818=AXIS2_PLACEMENT_3D('',#5690,#4650,#4651);
#3819=AXIS2_PLACEMENT_3D('',#5691,#4652,#4653);
#3820=AXIS2_PLACEMENT_3D('',#5692,#4654,#4655);
#3821=AXIS2_PLACEMENT_3D('',#5697,#4657,#4658);
#3822=AXIS2_PLACEMENT_3D('',#5700,#4660,#4661);
#3823=AXIS2_PLACEMENT_3D('',#5701,#4662,#4663);
#3824=AXIS2_PLACEMENT_3D('',#5705,#4665,#4666);
#3825=AXIS2_PLACEMENT_3D('',#5706,#4667,#4668);
#3826=AXIS2_PLACEMENT_3D('',#5707,#4669,#4670);
#3827=AXIS2_PLACEMENT_3D('',#5711,#4672,#4673);
#3828=AXIS2_PLACEMENT_3D('',#5712,#4674,#4675);
#3829=AXIS2_PLACEMENT_3D('',#5715,#4677,#4678);
#3830=AXIS2_PLACEMENT_3D('',#5718,#4680,#4681);
#3831=AXIS2_PLACEMENT_3D('',#5722,#4683,#4684);
#3832=AXIS2_PLACEMENT_3D('',#5727,#4687,#4688);
#3833=AXIS2_PLACEMENT_3D('',#5728,#4689,#4690);
#3834=AXIS2_PLACEMENT_3D('',#5732,#4692,#4693);
#3835=AXIS2_PLACEMENT_3D('',#5733,#4694,#4695);
#3836=AXIS2_PLACEMENT_3D('',#5734,#4696,#4697);
#3837=AXIS2_PLACEMENT_3D('',#5738,#4699,#4700);
#3838=AXIS2_PLACEMENT_3D('',#5739,#4701,#4702);
#3839=AXIS2_PLACEMENT_3D('',#5740,#4703,#4704);
#3840=AXIS2_PLACEMENT_3D('',#5744,#4706,#4707);
#3841=AXIS2_PLACEMENT_3D('',#5745,#4708,#4709);
#3842=AXIS2_PLACEMENT_3D('',#5749,#4713,#4714);
#3843=AXIS2_PLACEMENT_3D('',#5753,#4718,#4719);
#3844=AXIS2_PLACEMENT_3D('',#5754,#4720,#4721);
#3845=AXIS2_PLACEMENT_3D('',#5755,#4722,#4723);
#3846=AXIS2_PLACEMENT_3D('',#5761,#4727,#4728);
#3847=AXIS2_PLACEMENT_3D('',#5767,#4731,#4732);
#3848=AXIS2_PLACEMENT_3D('',#5769,#4733,#4734);
#3849=AXIS2_PLACEMENT_3D('',#5771,#4735,#4736);
#3850=AXIS2_PLACEMENT_3D('',#5774,#4738,#4739);
#3851=AXIS2_PLACEMENT_3D('',#5776,#4740,#4741);
#3852=AXIS2_PLACEMENT_3D('',#5778,#4742,#4743);
#3853=AXIS2_PLACEMENT_3D('',#5781,#4745,#4746);
#3854=AXIS2_PLACEMENT_3D('',#5789,#4750,#4751);
#3855=AXIS2_PLACEMENT_3D('',#5791,#4752,#4753);
#3856=AXIS2_PLACEMENT_3D('',#5793,#4754,#4755);
#3857=AXIS2_PLACEMENT_3D('',#5796,#4757,#4758);
#3858=AXIS2_PLACEMENT_3D('',#5798,#4759,#4760);
#3859=AXIS2_PLACEMENT_3D('',#5800,#4761,#4762);
#3860=AXIS2_PLACEMENT_3D('',#5801,#4763,#4764);
#3861=AXIS2_PLACEMENT_3D('',#5803,#4766,#4767);
#3862=AXIS2_PLACEMENT_3D('',#5805,#4769,#4770);
#3863=AXIS2_PLACEMENT_3D('',#5807,#4772,#4773);
#3864=AXIS2_PLACEMENT_3D('',#5809,#4775,#4776);
#3865=AXIS2_PLACEMENT_3D('',#5810,#4777,#4778);
#3866=AXIS2_PLACEMENT_3D('',#5811,#4779,#4780);
#3867=AXIS2_PLACEMENT_3D('',#5812,#4781,#4782);
#3868=AXIS2_PLACEMENT_3D('',#5814,#4784,#4785);
#3869=AXIS2_PLACEMENT_3D('',#5816,#4787,#4788);
#3870=AXIS2_PLACEMENT_3D('',#5818,#4790,#4791);
#3871=AXIS2_PLACEMENT_3D('',#5819,#4792,#4793);
#3872=AXIS2_PLACEMENT_3D('',#5820,#4794,#4795);
#3873=AXIS2_PLACEMENT_3D('',#5821,#4796,#4797);
#3874=AXIS2_PLACEMENT_3D('',#5822,#4798,#4799);
#3875=AXIS2_PLACEMENT_3D('',#5831,#4804,#4805);
#3876=AXIS2_PLACEMENT_3D('',#5837,#4809,#4810);
#3877=AXIS2_PLACEMENT_3D('',#5843,#4814,#4815);
#3878=AXIS2_PLACEMENT_3D('',#5846,#4818,#4819);
#3879=AXIS2_PLACEMENT_3D('',#5847,#4820,#4821);
#3880=AXIS2_PLACEMENT_3D('',#5848,#4822,#4823);
#3881=AXIS2_PLACEMENT_3D('',#5850,#4824,#4825);
#3882=AXIS2_PLACEMENT_3D('',#5852,#4826,#4827);
#3883=AXIS2_PLACEMENT_3D('',#5853,#4828,#4829);
#3884=AXIS2_PLACEMENT_3D('',#5855,#4830,#4831);
#3885=AXIS2_PLACEMENT_3D('',#5856,#4832,#4833);
#3886=AXIS2_PLACEMENT_3D('',#5858,#4834,#4835);
#3887=AXIS2_PLACEMENT_3D('',#5859,#4836,#4837);
#3888=AXIS2_PLACEMENT_3D('',#5861,#4838,#4839);
#3889=AXIS2_PLACEMENT_3D('',#5862,#4840,#4841);
#3890=AXIS2_PLACEMENT_3D('',#5863,#4842,#4843);
#3891=AXIS2_PLACEMENT_3D('',#5865,#4844,#4845);
#3892=AXIS2_PLACEMENT_3D('',#5866,#4846,#4847);
#3893=AXIS2_PLACEMENT_3D('',#5868,#4848,#4849);
#3894=AXIS2_PLACEMENT_3D('',#5869,#4850,#4851);
#3895=AXIS2_PLACEMENT_3D('',#5871,#4852,#4853);
#3896=AXIS2_PLACEMENT_3D('',#5872,#4854,#4855);
#3897=DIRECTION('',(0.,0.,1.));
#3898=DIRECTION('',(1.,0.,0.));
#3899=DIRECTION('',(0.707106781186548,0.,-0.707106781186547));
#3900=DIRECTION('',(-0.707106781186547,0.,-0.707106781186548));
#3901=DIRECTION('',(0.577350269189625,0.577350269189625,0.577350269189626));
#3902=DIRECTION('',(0.,-1.,0.));
#3903=DIRECTION('',(0.707106781186547,0.,0.707106781186548));
#3904=DIRECTION('',(0.,-1.,0.));
#3905=DIRECTION('',(0.577350269189625,-0.577350269189626,0.577350269189626));
#3906=DIRECTION('',(-0.707106781186548,0.,-0.707106781186548));
#3907=DIRECTION('',(-0.707106781186548,0.,0.707106781186548));
#3908=DIRECTION('',(0.577350269189626,-0.577350269189626,-0.577350269189626));
#3909=DIRECTION('',(0.577350269189626,0.577350269189626,-0.577350269189626));
#3910=DIRECTION('',(0.,-1.,0.));
#3911=DIRECTION('',(0.707106781186548,0.,-0.707106781186548));
#3912=DIRECTION('',(0.,-1.,0.));
#3913=DIRECTION('',(-0.707106781186548,0.,0.707106781186548));
#3914=DIRECTION('',(0.707106781186548,0.,0.707106781186548));
#3915=DIRECTION('',(-0.577350269189626,0.577350269189626,-0.577350269189626));
#3916=DIRECTION('',(0.,-1.,0.));
#3917=DIRECTION('',(-0.707106781186548,0.,-0.707106781186548));
#3918=DIRECTION('',(0.,-1.,0.));
#3919=DIRECTION('',(-0.577350269189626,-0.577350269189626,-0.577350269189626));
#3920=DIRECTION('',(0.707106781186548,0.,0.707106781186548));
#3921=DIRECTION('',(0.707106781186548,0.,-0.707106781186548));
#3922=DIRECTION('',(-0.577350269189626,-0.577350269189626,0.577350269189626));
#3923=DIRECTION('',(-0.577350269189626,0.577350269189626,0.577350269189626));
#3924=DIRECTION('',(0.,-1.,0.));
#3925=DIRECTION('',(-0.707106781186548,0.,0.707106781186548));
#3926=DIRECTION('',(0.,-1.,0.));
#3927=DIRECTION('',(0.,1.,0.));
#3928=DIRECTION('',(0.,0.,1.));
#3929=DIRECTION('',(0.,0.,1.));
#3930=DIRECTION('',(-1.,0.,0.));
#3931=DIRECTION('',(0.,0.,-1.));
#3932=DIRECTION('',(-1.,0.,0.));
#3933=DIRECTION('',(0.,0.,-1.));
#3934=DIRECTION('',(-1.,0.,0.));
#3935=DIRECTION('',(0.,0.,-1.));
#3936=DIRECTION('',(-1.,0.,0.));
#3937=DIRECTION('',(1.,0.,0.));
#3938=DIRECTION('',(0.,0.,-1.));
#3939=DIRECTION('',(0.,0.,-1.));
#3940=DIRECTION('',(0.,0.,1.));
#3941=DIRECTION('',(-1.,0.,0.));
#3942=DIRECTION('',(0.,0.,1.));
#3943=DIRECTION('',(0.,0.,-1.));
#3944=DIRECTION('',(0.,0.,-1.));
#3945=DIRECTION('',(0.,0.707106781186547,-0.707106781186547));
#3946=DIRECTION('',(0.,0.707106781186548,0.707106781186548));
#3947=DIRECTION('',(0.577350269189626,0.577350269189626,0.577350269189626));
#3948=DIRECTION('',(0.577350269189626,-0.577350269189626,-0.577350269189626));
#3949=DIRECTION('',(-1.,0.,0.));
#3950=DIRECTION('',(0.,0.707106781186547,0.707106781186547));
#3951=DIRECTION('',(0.,-0.707106781186548,0.707106781186548));
#3952=DIRECTION('',(0.,-0.707106781186548,0.707106781186548));
#3953=DIRECTION('',(-0.577350269189626,-0.577350269189626,0.577350269189626));
#3954=DIRECTION('',(-1.,0.,0.));
#3955=DIRECTION('',(-0.577350269189626,0.577350269189626,-0.577350269189626));
#3956=DIRECTION('',(0.,0.707106781186548,-0.707106781186548));
#3957=DIRECTION('',(-1.,0.,0.));
#3958=DIRECTION('',(9.64635590983144E-17,0.,-1.));
#3959=DIRECTION('',(-1.,0.,-9.64635590983144E-17));
#3960=DIRECTION('',(1.,0.,9.64635590983144E-17));
#3961=DIRECTION('',(0.,0.,1.));
#3962=DIRECTION('',(1.,0.,0.));
#3963=DIRECTION('',(-1.,0.,0.));
#3964=DIRECTION('',(0.,1.,0.));
#3965=DIRECTION('',(0.,0.,1.));
#3966=DIRECTION('',(0.,0.,1.));
#3967=DIRECTION('',(-1.,0.,0.));
#3968=DIRECTION('',(0.,0.,1.));
#3969=DIRECTION('',(0.707106781186548,0.,0.707106781186547));
#3970=DIRECTION('',(1.,0.,0.));
#3971=DIRECTION('',(0.707106781186548,0.,-0.707106781186548));
#3972=DIRECTION('',(-5.31192665434719E-15,0.,1.));
#3973=DIRECTION('',(-1.,0.,0.));
#3974=DIRECTION('',(0.,0.,-1.));
#3975=DIRECTION('',(1.,0.,0.));
#3976=DIRECTION('',(-6.07077331925393E-15,0.,1.));
#3977=DIRECTION('',(-0.707106781186548,0.,-0.707106781186548));
#3978=DIRECTION('',(-1.,0.,0.));
#3979=DIRECTION('',(-0.707106781186548,0.,0.707106781186548));
#3980=DIRECTION('',(0.,0.,1.));
#3981=DIRECTION('',(1.,0.,0.));
#3982=DIRECTION('',(0.,0.,-1.));
#3983=DIRECTION('',(-1.,0.,0.));
#3984=DIRECTION('',(0.,1.,0.));
#3985=DIRECTION('',(0.,1.,0.));
#3986=DIRECTION('',(-1.,0.,0.));
#3987=DIRECTION('',(0.,-1.,0.));
#3988=DIRECTION('',(-1.,0.,0.));
#3989=DIRECTION('',(0.,-1.,0.));
#3990=DIRECTION('',(-1.,0.,0.));
#3991=DIRECTION('',(0.,1.,0.));
#3992=DIRECTION('',(-1.,0.,0.));
#3993=DIRECTION('',(0.,1.,0.));
#3994=DIRECTION('',(1.,0.,0.));
#3995=DIRECTION('',(0.,1.,0.));
#3996=DIRECTION('',(1.,0.,0.));
#3997=DIRECTION('',(-0.707106781186548,0.,0.707106781186548));
#3998=DIRECTION('',(0.707106781186548,0.,0.707106781186548));
#3999=DIRECTION('',(0.,1.,0.));
#4000=DIRECTION('',(-0.707106781186548,0.,-0.707106781186548));
#4001=DIRECTION('',(0.,1.,0.));
#4002=DIRECTION('',(0.707106781186548,0.,0.707106781186548));
#4003=DIRECTION('',(-0.707106781186548,0.,-0.707106781186548));
#4004=DIRECTION('',(-0.707106781186548,0.,0.707106781186548));
#4005=DIRECTION('',(0.,1.,0.));
#4006=DIRECTION('',(0.707106781186548,0.,-0.707106781186548));
#4007=DIRECTION('',(-0.707106781186548,0.,0.707106781186548));
#4008=DIRECTION('',(0.,1.,0.));
#4009=DIRECTION('',(0.,0.,1.));
#4010=DIRECTION('',(1.,0.,0.));
#4011=DIRECTION('',(1.13826999736011E-15,0.,1.));
#4012=DIRECTION('',(1.13826999736011E-15,0.,-1.));
#4013=DIRECTION('',(0.,1.,0.));
#4014=DIRECTION('',(0.,0.,1.));
#4015=DIRECTION('',(0.,0.,-1.));
#4016=DIRECTION('',(1.,0.,0.));
#4017=DIRECTION('',(0.,0.,1.));
#4018=DIRECTION('',(-1.,0.,0.));
#4019=DIRECTION('',(0.,1.,0.));
#4020=DIRECTION('',(0.,0.,1.));
#4021=DIRECTION('',(-1.,0.,0.));
#4022=DIRECTION('',(2.84567499340027E-15,0.,-1.));
#4023=DIRECTION('',(1.,0.,0.));
#4024=DIRECTION('',(1.13826999736011E-15,0.,1.));
#4025=DIRECTION('',(0.,1.,0.));
#4026=DIRECTION('',(0.,0.,1.));
#4027=DIRECTION('',(0.,0.,1.));
#4028=DIRECTION('',(-1.,0.,0.));
#4029=DIRECTION('',(0.,0.,-1.));
#4030=DIRECTION('',(1.,0.,0.));
#4031=DIRECTION('',(-1.,0.,0.));
#4032=DIRECTION('',(0.,0.,1.));
#4033=DIRECTION('',(0.,-1.,0.));
#4034=DIRECTION('',(0.,1.,0.));
#4035=DIRECTION('',(0.,0.,-1.));
#4036=DIRECTION('',(0.,0.,1.));
#4037=DIRECTION('',(0.,-1.,0.));
#4038=DIRECTION('',(0.,-1.,0.));
#4039=DIRECTION('',(0.,0.,1.));
#4040=DIRECTION('',(0.,0.,-1.));
#4041=DIRECTION('',(0.,0.,1.));
#4042=DIRECTION('',(1.,0.,0.));
#4043=DIRECTION('',(-1.,0.,0.));
#4044=DIRECTION('',(0.,1.,0.));
#4045=DIRECTION('',(-1.,0.,0.));
#4046=DIRECTION('',(0.,1.,0.));
#4047=DIRECTION('',(0.,1.,0.));
#4048=DIRECTION('',(0.,1.,0.));
#4049=DIRECTION('',(1.,0.,-6.82961998416066E-16));
#4050=DIRECTION('',(1.,0.,0.));
#4051=DIRECTION('',(0.,-1.,0.));
#4052=DIRECTION('',(0.,-1.,0.));
#4053=DIRECTION('',(1.,0.,0.));
#4054=DIRECTION('',(0.,1.,0.));
#4055=DIRECTION('',(0.,0.,1.));
#4056=DIRECTION('',(1.,0.,0.));
#4057=DIRECTION('',(0.,0.,1.));
#4058=DIRECTION('',(1.,0.,0.));
#4059=DIRECTION('',(1.13826999736011E-15,0.,1.));
#4060=DIRECTION('',(0.,1.,0.));
#4061=DIRECTION('',(0.,0.,1.));
#4062=DIRECTION('',(2.84567499340027E-15,0.,-1.));
#4063=DIRECTION('',(1.,0.,0.));
#4064=DIRECTION('',(0.707106781186548,0.,-0.707106781186548));
#4065=DIRECTION('',(0.,1.,0.));
#4066=DIRECTION('',(0.,0.,1.));
#4067=DIRECTION('',(-1.,0.,0.));
#4068=DIRECTION('',(1.13826999736011E-15,0.,-1.));
#4069=DIRECTION('',(-0.707106781186548,0.,-0.707106781186548));
#4070=DIRECTION('',(0.,1.,0.));
#4071=DIRECTION('',(0.,0.,1.));
#4072=DIRECTION('',(1.13826999736011E-15,0.,1.));
#4073=DIRECTION('',(-1.,0.,0.));
#4074=DIRECTION('',(0.,0.,1.));
#4075=DIRECTION('',(-1.,0.,0.));
#4076=DIRECTION('',(0.707106781186548,0.,0.707106781186548));
#4077=DIRECTION('',(0.707106781186548,0.,-0.707106781186548));
#4078=DIRECTION('',(0.,-1.,0.));
#4079=DIRECTION('',(0.,1.,0.));
#4080=DIRECTION('',(0.,1.,0.));
#4081=DIRECTION('',(-0.707106781186548,0.,0.707106781186548));
#4082=DIRECTION('',(1.,0.,0.));
#4083=DIRECTION('',(0.,0.,-1.));
#4084=DIRECTION('',(0.,0.,1.));
#4085=DIRECTION('',(0.,1.,0.));
#4086=DIRECTION('',(0.,0.,1.));
#4087=DIRECTION('',(0.,1.,0.));
#4088=DIRECTION('',(0.,-1.,0.));
#4089=DIRECTION('',(0.,1.,0.));
#4090=DIRECTION('',(0.,0.,1.));
#4091=DIRECTION('',(0.,1.,0.));
#4092=DIRECTION('',(0.,0.,1.));
#4093=DIRECTION('',(0.707106781186548,0.,-0.707106781186548));
#4094=DIRECTION('',(-0.707106781186548,0.,-0.707106781186548));
#4095=DIRECTION('',(0.,1.,0.));
#4096=DIRECTION('',(0.707106781186548,0.,0.707106781186548));
#4097=DIRECTION('',(0.,1.,0.));
#4098=DIRECTION('',(0.,0.,-1.));
#4099=DIRECTION('',(-1.,0.,0.));
#4100=DIRECTION('',(0.,-1.,0.));
#4101=DIRECTION('',(1.,0.,0.));
#4102=DIRECTION('',(0.,0.,-1.));
#4103=DIRECTION('',(0.,-1.,0.));
#4104=DIRECTION('',(0.,-1.,0.));
#4105=DIRECTION('',(0.,0.,1.));
#4106=DIRECTION('',(0.,-1.,0.));
#4107=DIRECTION('',(0.,0.,-1.));
#4108=DIRECTION('',(-1.,0.,0.));
#4109=DIRECTION('',(1.,0.,0.));
#4110=DIRECTION('',(0.,-1.,0.));
#4111=DIRECTION('',(0.,-1.,0.));
#4112=DIRECTION('',(0.,-1.,0.));
#4113=DIRECTION('',(1.,0.,-1.13826999736011E-15));
#4114=DIRECTION('',(-1.13826999736011E-15,0.,-1.));
#4115=DIRECTION('',(-1.,0.,-2.84567499340027E-15));
#4116=DIRECTION('',(-2.84567499340027E-15,0.,1.));
#4117=DIRECTION('',(0.,0.,1.));
#4118=DIRECTION('',(1.,0.,0.));
#4119=DIRECTION('',(0.,-1.,0.));
#4120=DIRECTION('',(0.,-1.,0.));
#4121=DIRECTION('',(-1.,0.,0.));
#4122=DIRECTION('',(0.,-1.,0.));
#4123=DIRECTION('',(-1.,0.,-1.13826999736011E-15));
#4124=DIRECTION('',(-1.13826999736011E-15,0.,1.));
#4125=DIRECTION('',(1.,0.,-1.13826999736011E-15));
#4126=DIRECTION('',(-1.13826999736011E-15,0.,-1.));
#4127=DIRECTION('',(0.,0.,1.));
#4128=DIRECTION('',(1.,0.,0.));
#4129=DIRECTION('',(-1.,0.,0.));
#4130=DIRECTION('',(0.,0.,1.));
#4131=DIRECTION('',(0.,0.,-1.));
#4132=DIRECTION('',(0.,1.,0.));
#4133=DIRECTION('',(0.,0.,1.));
#4134=DIRECTION('',(-1.,0.,-5.31192665434719E-15));
#4135=DIRECTION('',(-5.31192665434719E-15,0.,1.));
#4136=DIRECTION('',(-5.31192665434719E-15,0.,1.));
#4137=DIRECTION('',(0.,1.,0.));
#4138=DIRECTION('',(0.,0.,-1.));
#4139=DIRECTION('',(-1.,0.,0.));
#4140=DIRECTION('',(-1.,0.,0.));
#4141=DIRECTION('',(0.,1.,0.));
#4142=DIRECTION('',(0.,0.,1.));
#4143=DIRECTION('',(-1.,0.,-6.07077331925393E-15));
#4144=DIRECTION('',(-6.07077331925393E-15,0.,1.));
#4145=DIRECTION('',(0.,1.,0.));
#4146=DIRECTION('',(-6.07077331925393E-15,0.,1.));
#4147=DIRECTION('',(0.,0.,1.));
#4148=DIRECTION('',(1.,0.,0.));
#4149=DIRECTION('',(1.,0.,0.));
#4150=DIRECTION('',(0.,1.,0.));
#4151=DIRECTION('',(0.,0.,1.));
#4152=DIRECTION('',(-1.,0.,0.));
#4153=DIRECTION('',(0.,0.,1.));
#4154=DIRECTION('',(0.,1.,0.));
#4155=DIRECTION('',(0.,0.,1.));
#4156=DIRECTION('',(0.,1.,0.));
#4157=DIRECTION('',(-0.707106781186547,0.,-0.707106781186547));
#4158=DIRECTION('',(-0.707106781186548,0.,0.707106781186548));
#4159=DIRECTION('',(-0.707106781186548,0.,0.707106781186548));
#4160=DIRECTION('',(0.,1.,0.));
#4161=DIRECTION('',(0.,0.,1.));
#4162=DIRECTION('',(1.,0.,0.));
#4163=DIRECTION('',(0.,0.,1.));
#4164=DIRECTION('',(1.,0.,0.));
#4165=DIRECTION('',(0.,1.,0.));
#4166=DIRECTION('',(0.,0.,1.));
#4167=DIRECTION('',(0.707106781186548,0.,0.707106781186547));
#4168=DIRECTION('',(0.,0.,1.));
#4169=DIRECTION('',(-1.,0.,0.));
#4170=DIRECTION('',(0.,0.,-1.));
#4171=DIRECTION('',(-1.,0.,0.));
#4172=DIRECTION('',(0.,1.,0.));
#4173=DIRECTION('',(-1.,0.,0.));
#4174=DIRECTION('',(0.,0.,1.));
#4175=DIRECTION('',(0.,1.,0.));
#4176=DIRECTION('',(-0.707106781186547,0.,0.707106781186548));
#4177=DIRECTION('',(0.707106781186548,0.,0.707106781186547));
#4178=DIRECTION('',(-0.707106781186548,0.,0.707106781186547));
#4179=DIRECTION('',(0.707106781186547,0.,0.707106781186548));
#4180=DIRECTION('',(0.707106781186547,0.,0.707106781186548));
#4181=DIRECTION('',(0.707106781186547,0.,0.707106781186548));
#4182=DIRECTION('',(0.,1.,0.));
#4183=DIRECTION('',(0.,0.,1.));
#4184=DIRECTION('',(1.,0.,0.));
#4185=DIRECTION('',(1.,0.,0.));
#4186=DIRECTION('',(1.,0.,0.));
#4187=DIRECTION('',(0.,1.,0.));
#4188=DIRECTION('',(1.,0.,0.));
#4189=DIRECTION('',(0.,0.,-1.));
#4190=DIRECTION('',(0.,0.,-1.));
#4191=DIRECTION('',(0.,0.,-1.));
#4192=DIRECTION('',(0.,-1.,0.));
#4193=DIRECTION('',(0.,0.,-1.));
#4194=DIRECTION('',(0.,-1.,0.));
#4195=DIRECTION('',(0.,0.,-1.));
#4196=DIRECTION('',(-0.707106781186312,0.,-0.707106781186783));
#4197=DIRECTION('',(-0.707106781186783,0.,0.707106781186312));
#4198=DIRECTION('',(-0.707106781186783,0.,0.707106781186312));
#4199=DIRECTION('',(0.,1.,0.));
#4200=DIRECTION('',(-0.707106781186783,0.,0.707106781186312));
#4201=DIRECTION('',(1.,0.,0.));
#4202=DIRECTION('',(0.,0.,-1.));
#4203=DIRECTION('',(0.,0.,-1.));
#4204=DIRECTION('',(0.,0.,-1.));
#4205=DIRECTION('',(0.,1.,0.));
#4206=DIRECTION('',(0.,0.,-1.));
#4207=DIRECTION('',(-1.,0.,0.));
#4208=DIRECTION('',(-1.,0.,0.));
#4209=DIRECTION('',(-1.,0.,0.));
#4210=DIRECTION('',(0.,1.,0.));
#4211=DIRECTION('',(0.,0.,1.));
#4212=DIRECTION('',(0.,1.,0.));
#4213=DIRECTION('',(0.,0.,1.));
#4214=DIRECTION('',(0.707106781186548,0.,0.707106781186547));
#4215=DIRECTION('',(0.707106781186547,0.,-0.707106781186548));
#4216=DIRECTION('',(0.707106781186547,0.,-0.707106781186548));
#4217=DIRECTION('',(0.707106781186547,0.,-0.707106781186548));
#4218=DIRECTION('',(0.,1.,0.));
#4219=DIRECTION('',(1.,0.,0.));
#4220=DIRECTION('',(0.,0.,-1.));
#4221=DIRECTION('',(0.,0.,-1.));
#4222=DIRECTION('',(0.,0.,-1.));
#4223=DIRECTION('',(0.,1.,0.));
#4224=DIRECTION('',(0.,0.,-1.));
#4225=DIRECTION('',(-1.,0.,0.));
#4226=DIRECTION('',(-1.,0.,0.));
#4227=DIRECTION('',(-1.,0.,0.));
#4228=DIRECTION('',(0.,-1.,0.));
#4229=DIRECTION('',(0.,0.,-1.));
#4230=DIRECTION('',(0.,-1.,0.));
#4231=DIRECTION('',(0.,0.,-1.));
#4232=DIRECTION('',(0.707106781186548,0.707106781186548,0.));
#4233=DIRECTION('',(-0.707106781186548,0.707106781186548,0.));
#4234=DIRECTION('',(-0.707106781186548,0.707106781186548,0.));
#4235=DIRECTION('',(-0.707106781186548,-0.707106781186548,0.));
#4236=DIRECTION('',(0.,0.,-1.));
#4237=DIRECTION('',(-1.,0.,0.));
#4238=DIRECTION('',(0.,1.,0.));
#4239=DIRECTION('',(-1.,0.,0.));
#4240=DIRECTION('',(0.,1.,0.));
#4241=DIRECTION('',(-1.,0.,0.));
#4242=DIRECTION('',(0.,0.,1.));
#4243=DIRECTION('',(0.,0.,1.));
#4244=DIRECTION('',(1.,0.,0.));
#4245=DIRECTION('',(0.,0.,-1.));
#4246=DIRECTION('',(0.,0.,-1.));
#4247=DIRECTION('',(0.,1.,0.));
#4248=DIRECTION('',(0.,0.,1.));
#4249=DIRECTION('',(1.,0.,0.));
#4250=DIRECTION('',(0.,1.,0.));
#4251=DIRECTION('',(0.,-1.,0.));
#4252=DIRECTION('',(0.,0.,-1.));
#4253=DIRECTION('',(0.,-1.,0.));
#4254=DIRECTION('',(0.,0.,-1.));
#4255=DIRECTION('',(0.,-1.,0.));
#4256=DIRECTION('',(0.,0.,-1.));
#4257=DIRECTION('',(0.,-1.,0.));
#4258=DIRECTION('',(0.,0.,-1.));
#4259=DIRECTION('',(0.,-1.,0.));
#4260=DIRECTION('',(0.,0.,-1.));
#4261=DIRECTION('',(0.,-1.,0.));
#4262=DIRECTION('',(0.,0.,-1.));
#4263=DIRECTION('',(0.,1.,0.));
#4264=DIRECTION('',(0.,0.,1.));
#4265=DIRECTION('',(1.,0.,0.));
#4266=DIRECTION('',(0.,1.,0.));
#4267=DIRECTION('',(0.,-1.,0.));
#4268=DIRECTION('',(0.,0.,-1.));
#4269=DIRECTION('',(0.,-1.,0.));
#4270=DIRECTION('',(0.,0.,-1.));
#4271=DIRECTION('',(0.,-1.,0.));
#4272=DIRECTION('',(0.,0.,-1.));
#4273=DIRECTION('',(0.,-1.,0.));
#4274=DIRECTION('',(0.,0.,-1.));
#4275=DIRECTION('',(0.,-1.,0.));
#4276=DIRECTION('',(0.,0.,-1.));
#4277=DIRECTION('',(0.,-1.,0.));
#4278=DIRECTION('',(0.,0.,-1.));
#4279=DIRECTION('',(0.,1.,0.));
#4280=DIRECTION('',(0.,0.,1.));
#4281=DIRECTION('',(0.,-1.,0.));
#4282=DIRECTION('',(0.,0.,-1.));
#4283=DIRECTION('',(0.,-1.,0.));
#4284=DIRECTION('',(0.,0.,-1.));
#4285=DIRECTION('',(0.,-1.,0.));
#4286=DIRECTION('',(0.,0.,-1.));
#4287=DIRECTION('',(0.,-1.,0.));
#4288=DIRECTION('',(0.,0.,-1.));
#4289=DIRECTION('',(0.,-1.,0.));
#4290=DIRECTION('',(0.,0.,-1.));
#4291=DIRECTION('',(0.,1.,0.));
#4292=DIRECTION('',(0.,0.,1.));
#4293=DIRECTION('',(1.,0.,0.));
#4294=DIRECTION('',(0.,1.,0.));
#4295=DIRECTION('',(0.,1.,0.));
#4296=DIRECTION('',(0.,0.,1.));
#4297=DIRECTION('',(-3.31534950687411E-16,0.,1.));
#4298=DIRECTION('',(-1.,0.,0.));
#4299=DIRECTION('',(0.,0.,-1.));
#4300=DIRECTION('',(0.,1.,0.));
#4301=DIRECTION('',(1.,0.,0.));
#4302=DIRECTION('',(-1.,0.,0.));
#4303=DIRECTION('',(0.,0.,-1.));
#4304=DIRECTION('',(-1.,0.,-2.91565060799208E-17));
#4305=DIRECTION('',(0.,1.,0.));
#4306=DIRECTION('',(1.,0.,0.));
#4307=DIRECTION('',(0.,1.,0.));
#4308=DIRECTION('',(0.,0.,1.));
#4309=DIRECTION('',(-1.,0.,0.));
#4310=DIRECTION('',(0.,0.,1.));
#4311=DIRECTION('',(0.,1.,0.));
#4312=DIRECTION('',(1.,0.,0.));
#4313=DIRECTION('',(1.,0.,0.));
#4314=DIRECTION('',(0.,0.,1.));
#4315=DIRECTION('',(-1.,0.,-2.91565060799208E-17));
#4316=DIRECTION('',(0.,1.,0.));
#4317=DIRECTION('',(1.,0.,0.));
#4318=DIRECTION('',(0.,0.,-1.));
#4319=DIRECTION('',(0.,1.,0.));
#4320=DIRECTION('',(0.,0.,1.));
#4321=DIRECTION('',(0.,0.,1.));
#4322=DIRECTION('',(-1.,0.,0.));
#4323=DIRECTION('',(0.,0.,-1.));
#4324=DIRECTION('',(0.,1.,0.));
#4325=DIRECTION('',(1.,0.,0.));
#4326=DIRECTION('',(-1.,0.,-2.91565060799208E-17));
#4327=DIRECTION('',(0.,0.,-1.));
#4328=DIRECTION('',(-1.,0.,0.));
#4329=DIRECTION('',(0.,1.,0.));
#4330=DIRECTION('',(1.,0.,0.));
#4331=DIRECTION('',(0.,1.,0.));
#4332=DIRECTION('',(0.,0.,1.));
#4333=DIRECTION('',(-1.,0.,0.));
#4334=DIRECTION('',(-3.31534950687411E-16,0.,1.));
#4335=DIRECTION('',(0.,1.,0.));
#4336=DIRECTION('',(1.,0.,0.));
#4337=DIRECTION('',(-1.,0.,-2.91565060799208E-17));
#4338=DIRECTION('',(0.,0.,1.));
#4339=DIRECTION('',(1.,0.,0.));
#4340=DIRECTION('',(0.,1.,0.));
#4341=DIRECTION('',(1.,0.,0.));
#4342=DIRECTION('',(0.,0.,-1.));
#4343=DIRECTION('',(0.,1.,0.));
#4344=DIRECTION('',(0.,0.,1.));
#4345=DIRECTION('',(0.,0.,-1.));
#4346=DIRECTION('',(-1.,0.,-2.91565060799208E-17));
#4347=DIRECTION('',(0.,0.,-1.));
#4348=DIRECTION('',(-1.,0.,0.));
#4349=DIRECTION('',(-1.,0.,0.));
#4350=DIRECTION('',(0.,0.,1.));
#4351=DIRECTION('',(1.,0.,0.));
#4352=DIRECTION('',(0.,0.,-1.));
#4353=DIRECTION('',(-1.,0.,0.));
#4354=DIRECTION('',(1.,0.,0.));
#4355=DIRECTION('',(0.,0.,-1.));
#4356=DIRECTION('',(-1.,0.,0.));
#4357=DIRECTION('',(0.,0.,1.));
#4358=DIRECTION('',(1.,0.,0.));
#4359=DIRECTION('',(0.,1.,0.));
#4360=DIRECTION('',(0.,1.,0.));
#4361=DIRECTION('',(-1.,0.,0.));
#4362=DIRECTION('',(0.,-1.,0.));
#4363=DIRECTION('',(0.,0.,-1.));
#4364=DIRECTION('',(0.,0.,1.));
#4365=DIRECTION('',(0.,0.,1.));
#4366=DIRECTION('',(1.,0.,3.31534950687411E-16));
#4367=DIRECTION('',(3.31534950687411E-16,0.,-1.));
#4368=DIRECTION('',(1.,0.,3.31534950687411E-16));
#4369=DIRECTION('',(3.31534950687411E-16,0.,-1.));
#4370=DIRECTION('',(0.,-1.,0.));
#4371=DIRECTION('',(1.,0.,3.31534950687411E-16));
#4372=DIRECTION('',(3.31534950687411E-16,0.,-1.));
#4373=DIRECTION('',(0.,-1.,0.));
#4374=DIRECTION('',(3.31534950687411E-16,0.,-1.));
#4375=DIRECTION('',(2.34430611831416E-16,0.707106781186547,-0.707106781186548));
#4376=DIRECTION('',(0.,1.,0.));
#4377=DIRECTION('',(-2.34430611831416E-16,0.707106781186548,0.707106781186548));
#4378=DIRECTION('',(-3.31534950687411E-16,0.,1.));
#4379=DIRECTION('',(0.,-1.,0.));
#4380=DIRECTION('',(3.31534950687411E-16,0.,-1.));
#4381=DIRECTION('',(0.,1.,0.));
#4382=DIRECTION('',(-3.31534950687411E-16,0.,1.));
#4383=DIRECTION('',(0.,-1.,0.));
#4384=DIRECTION('',(-1.,0.,0.));
#4385=DIRECTION('',(0.,0.,1.));
#4386=DIRECTION('',(0.,1.,0.));
#4387=DIRECTION('',(-1.,0.,0.));
#4388=DIRECTION('',(0.,0.,1.));
#4389=DIRECTION('',(0.,-1.,0.));
#4390=DIRECTION('',(0.,0.,-1.));
#4391=DIRECTION('',(0.,-0.707106781186548,-0.707106781186548));
#4392=DIRECTION('',(0.,-1.,0.));
#4393=DIRECTION('',(0.,-0.707106781186547,0.707106781186548));
#4394=DIRECTION('',(0.,0.,1.));
#4395=DIRECTION('',(0.,-1.,0.));
#4396=DIRECTION('',(-1.,0.,0.));
#4397=DIRECTION('',(0.,0.,1.));
#4398=DIRECTION('',(0.,0.,1.));
#4399=DIRECTION('',(0.,1.,0.));
#4400=DIRECTION('',(0.,0.,-1.));
#4401=DIRECTION('',(0.,-1.,0.));
#4402=DIRECTION('',(1.,0.,0.));
#4403=DIRECTION('',(0.,0.,-1.));
#4404=DIRECTION('',(1.,0.,0.));
#4405=DIRECTION('',(0.,0.,-1.));
#4406=DIRECTION('',(0.,-1.,0.));
#4407=DIRECTION('',(1.,0.,0.));
#4408=DIRECTION('',(0.,0.,-1.));
#4409=DIRECTION('',(0.,-1.,0.));
#4410=DIRECTION('',(0.,0.,-1.));
#4411=DIRECTION('',(0.,0.707106781186547,-0.707106781186548));
#4412=DIRECTION('',(0.,1.,0.));
#4413=DIRECTION('',(0.,0.707106781186548,0.707106781186548));
#4414=DIRECTION('',(0.,0.,1.));
#4415=DIRECTION('',(0.,-1.,0.));
#4416=DIRECTION('',(0.,0.,-1.));
#4417=DIRECTION('',(0.,1.,0.));
#4418=DIRECTION('',(0.,0.,1.));
#4419=DIRECTION('',(0.,-1.,0.));
#4420=DIRECTION('',(-1.,0.,0.));
#4421=DIRECTION('',(0.,0.,1.));
#4422=DIRECTION('',(0.,1.,0.));
#4423=DIRECTION('',(-1.,0.,0.));
#4424=DIRECTION('',(0.,0.,1.));
#4425=DIRECTION('',(0.,-1.,0.));
#4426=DIRECTION('',(0.,0.,-1.));
#4427=DIRECTION('',(0.,-0.707106781186548,-0.707106781186548));
#4428=DIRECTION('',(0.,-1.,0.));
#4429=DIRECTION('',(0.,-0.707106781186547,0.707106781186548));
#4430=DIRECTION('',(0.,0.,1.));
#4431=DIRECTION('',(0.,-1.,0.));
#4432=DIRECTION('',(-1.,0.,0.));
#4433=DIRECTION('',(0.,0.,1.));
#4434=DIRECTION('',(0.,0.,1.));
#4435=DIRECTION('',(0.,1.,0.));
#4436=DIRECTION('',(0.,0.,-1.));
#4437=DIRECTION('',(0.,-1.,0.));
#4438=DIRECTION('',(0.,-1.,0.));
#4439=DIRECTION('',(0.,0.,-1.));
#4440=DIRECTION('',(0.,-1.,0.));
#4441=DIRECTION('',(0.,1.,0.));
#4442=DIRECTION('',(0.,0.,1.));
#4443=DIRECTION('',(0.,-1.,0.));
#4444=DIRECTION('',(0.,0.,-1.));
#4445=DIRECTION('',(0.,1.,0.));
#4446=DIRECTION('',(0.,0.,1.));
#4447=DIRECTION('',(0.,-1.,0.));
#4448=DIRECTION('',(0.,-1.,0.));
#4449=DIRECTION('',(0.,0.,-1.));
#4450=DIRECTION('',(0.,-1.,0.));
#4451=DIRECTION('',(0.,1.,0.));
#4452=DIRECTION('',(0.,0.,1.));
#4453=DIRECTION('',(0.,-1.,0.));
#4454=DIRECTION('',(0.,0.,-1.));
#4455=DIRECTION('',(0.,-1.,0.));
#4456=DIRECTION('',(0.,0.,-1.));
#4457=DIRECTION('',(0.,-1.,0.));
#4458=DIRECTION('',(0.,-1.,0.));
#4459=DIRECTION('',(0.,0.,-1.));
#4460=DIRECTION('',(0.,1.,0.));
#4461=DIRECTION('',(0.,0.,1.));
#4462=DIRECTION('',(0.,-1.,0.));
#4463=DIRECTION('',(0.,-1.,0.));
#4464=DIRECTION('',(0.,0.,-1.));
#4465=DIRECTION('',(0.,-1.,0.));
#4466=DIRECTION('',(0.,-1.,0.));
#4467=DIRECTION('',(0.,0.,-1.));
#4468=DIRECTION('',(0.,0.,-1.));
#4469=DIRECTION('',(-1.,0.,0.));
#4470=DIRECTION('',(-1.,0.,0.));
#4471=DIRECTION('',(0.,-1.,0.));
#4472=DIRECTION('',(-1.,0.,0.));
#4473=DIRECTION('',(0.,-1.,0.));
#4474=DIRECTION('',(0.,-1.,0.));
#4475=DIRECTION('',(-1.,0.,0.));
#4476=DIRECTION('',(0.,0.,1.));
#4477=DIRECTION('',(1.,0.,0.));
#4478=DIRECTION('',(1.,0.,0.));
#4479=DIRECTION('',(0.,-1.,0.));
#4480=DIRECTION('',(1.,0.,0.));
#4481=DIRECTION('',(0.,-1.,0.));
#4482=DIRECTION('',(1.,0.,0.));
#4483=DIRECTION('',(0.,0.,1.));
#4484=DIRECTION('',(1.,0.,0.));
#4485=DIRECTION('',(-1.,0.,0.));
#4486=DIRECTION('',(0.,-1.,0.));
#4487=DIRECTION('',(0.,-1.,0.));
#4488=DIRECTION('',(0.,0.,-1.));
#4489=DIRECTION('',(0.,-1.,0.));
#4490=DIRECTION('',(0.,-1.,0.));
#4491=DIRECTION('',(0.,0.,-1.));
#4492=DIRECTION('',(-2.91565060799208E-17,0.,1.));
#4493=DIRECTION('',(1.,0.,2.91565060799208E-17));
#4494=DIRECTION('',(0.,-1.,0.));
#4495=DIRECTION('',(-1.,0.,-2.91565060799208E-17));
#4496=DIRECTION('',(0.,1.,0.));
#4497=DIRECTION('',(-1.,0.,-2.91565060799208E-17));
#4498=DIRECTION('',(0.,-1.,0.));
#4499=DIRECTION('',(-1.,0.,-2.91565060799208E-17));
#4500=DIRECTION('',(0.,-1.,0.));
#4501=DIRECTION('',(-1.,0.,-2.91565060799208E-17));
#4502=DIRECTION('',(0.,0.,1.));
#4503=DIRECTION('',(1.,0.,0.));
#4504=DIRECTION('',(-1.,0.,0.));
#4505=DIRECTION('',(-1.,0.,-2.91565060799208E-17));
#4506=DIRECTION('',(-1.,0.,-2.91565060799208E-17));
#4507=DIRECTION('',(-1.,0.,-2.91565060799208E-17));
#4508=DIRECTION('',(0.,0.,1.));
#4509=DIRECTION('',(1.,0.,0.));
#4510=DIRECTION('',(1.,0.,0.));
#4511=DIRECTION('',(-1.,0.,-2.91565060799208E-17));
#4512=DIRECTION('',(0.,-1.,0.));
#4513=DIRECTION('',(1.,0.,0.));
#4514=DIRECTION('',(0.,-1.,0.));
#4515=DIRECTION('',(0.,0.,-1.));
#4516=DIRECTION('',(0.,-1.,0.));
#4517=DIRECTION('',(0.,0.,-1.));
#4518=DIRECTION('',(0.,-1.,0.));
#4519=DIRECTION('',(0.,0.,-1.));
#4520=DIRECTION('',(0.,0.,1.));
#4521=DIRECTION('',(-1.,0.,0.));
#4522=DIRECTION('',(0.,1.,0.));
#4523=DIRECTION('',(0.,0.,1.));
#4524=DIRECTION('',(-1.,0.,0.));
#4525=DIRECTION('',(0.,0.,1.));
#4526=DIRECTION('',(0.,0.707106781186547,-0.707106781186547));
#4527=DIRECTION('',(0.,0.707106781186548,0.707106781186548));
#4528=DIRECTION('',(-1.,0.,0.));
#4529=DIRECTION('',(0.,0.,-1.));
#4530=DIRECTION('',(-1.,0.,0.));
#4531=DIRECTION('',(-1.,0.,0.));
#4532=DIRECTION('',(0.,-0.707106781186548,-0.707106781186547));
#4533=DIRECTION('',(0.,0.707106781186547,-0.707106781186548));
#4534=DIRECTION('',(0.,-0.707106781186548,-0.707106781186547));
#4535=DIRECTION('',(0.,0.707106781186547,-0.707106781186548));
#4536=DIRECTION('',(-1.,0.,0.));
#4537=DIRECTION('',(-1.,0.,0.));
#4538=DIRECTION('',(0.,0.,-1.));
#4539=DIRECTION('',(-1.,0.,0.));
#4540=DIRECTION('',(-1.,0.,0.));
#4541=DIRECTION('',(0.,0.707106781186547,-0.707106781186547));
#4542=DIRECTION('',(0.,0.707106781186548,0.707106781186548));
#4543=DIRECTION('',(-1.,0.,0.));
#4544=DIRECTION('',(0.,1.,0.));
#4545=DIRECTION('',(0.,0.,1.));
#4546=DIRECTION('',(0.,0.,1.));
#4547=DIRECTION('',(0.,-1.,0.));
#4548=DIRECTION('',(0.,0.,-1.));
#4549=DIRECTION('',(0.,0.,1.));
#4550=DIRECTION('',(0.,0.,1.));
#4551=DIRECTION('',(1.,0.,0.));
#4552=DIRECTION('',(0.,0.,1.));
#4553=DIRECTION('',(1.,0.,0.));
#4554=DIRECTION('',(0.,0.,1.));
#4555=DIRECTION('',(1.,0.,0.));
#4556=DIRECTION('',(-1.,0.,0.));
#4557=DIRECTION('',(-1.,0.,0.));
#4558=DIRECTION('',(0.,1.,0.));
#4559=DIRECTION('',(0.,0.,1.));
#4560=DIRECTION('',(-1.,0.,0.));
#4561=DIRECTION('',(0.,0.,-1.));
#4562=DIRECTION('',(-1.,0.,0.));
#4563=DIRECTION('',(-1.,0.,0.));
#4564=DIRECTION('',(0.,-1.,0.));
#4565=DIRECTION('',(0.,0.,-1.));
#4566=DIRECTION('',(0.,-1.,0.));
#4567=DIRECTION('',(0.,0.,-1.));
#4568=DIRECTION('',(-1.,0.,0.));
#4569=DIRECTION('',(-1.,0.,0.));
#4570=DIRECTION('',(0.,0.,-1.));
#4571=DIRECTION('',(-1.,0.,0.));
#4572=DIRECTION('',(-1.,0.,0.));
#4573=DIRECTION('',(0.,1.,0.));
#4574=DIRECTION('',(0.,0.,1.));
#4575=DIRECTION('',(-1.,0.,0.));
#4576=DIRECTION('',(0.,0.,1.));
#4577=DIRECTION('',(1.,0.,0.));
#4578=DIRECTION('',(0.,1.,0.));
#4579=DIRECTION('',(0.,0.,1.));
#4580=DIRECTION('',(0.,0.,1.));
#4581=DIRECTION('',(1.,0.,0.));
#4582=DIRECTION('',(0.,0.,1.));
#4583=DIRECTION('',(1.,0.,0.));
#4584=DIRECTION('',(0.,0.,-1.));
#4585=DIRECTION('',(1.,0.,0.));
#4586=DIRECTION('',(0.,0.,-1.));
#4587=DIRECTION('',(1.,0.,0.));
#4588=DIRECTION('',(0.,0.,-1.));
#4589=DIRECTION('',(1.,0.,0.));
#4590=DIRECTION('',(0.,-1.,0.));
#4591=DIRECTION('',(0.,0.,-1.));
#4592=DIRECTION('',(0.,0.,-1.));
#4593=DIRECTION('',(0.,0.,-1.));
#4594=DIRECTION('',(1.,0.,0.));
#4595=DIRECTION('',(0.,0.,-1.));
#4596=DIRECTION('',(-1.,0.,0.));
#4597=DIRECTION('',(0.,1.,0.));
#4598=DIRECTION('',(0.,1.,0.));
#4599=DIRECTION('',(1.,0.,0.));
#4600=DIRECTION('',(0.,0.,-1.));
#4601=DIRECTION('',(1.,0.,0.));
#4602=DIRECTION('',(0.,0.,-1.));
#4603=DIRECTION('',(0.,1.,0.));
#4604=DIRECTION('',(0.,0.,1.));
#4605=DIRECTION('',(0.,0.,-1.));
#4606=DIRECTION('',(-1.,0.,0.));
#4607=DIRECTION('',(0.,0.,-1.));
#4608=DIRECTION('',(-1.,0.,0.));
#4609=DIRECTION('',(0.,0.,1.));
#4610=DIRECTION('',(-1.,0.,0.));
#4611=DIRECTION('',(1.,0.,0.));
#4612=DIRECTION('',(0.,0.,-1.));
#4613=DIRECTION('',(1.,0.,0.));
#4614=DIRECTION('',(0.,0.,-1.));
#4615=DIRECTION('',(0.,0.,1.));
#4616=DIRECTION('',(1.,0.,0.));
#4617=DIRECTION('',(0.,1.,0.));
#4618=DIRECTION('',(-1.,0.,0.));
#4619=DIRECTION('',(0.,1.,0.));
#4620=DIRECTION('',(0.,-1.,0.));
#4621=DIRECTION('',(0.,0.,-1.));
#4622=DIRECTION('',(0.,0.,1.));
#4623=DIRECTION('',(0.,0.,1.));
#4624=DIRECTION('',(1.,0.,0.));
#4625=DIRECTION('',(0.,0.,-1.));
#4626=DIRECTION('',(1.,0.,0.));
#4627=DIRECTION('',(0.,0.,-1.));
#4628=DIRECTION('',(0.,1.,0.));
#4629=DIRECTION('',(0.,0.,1.));
#4630=DIRECTION('',(0.,0.,-1.));
#4631=DIRECTION('',(0.,0.,-1.));
#4632=DIRECTION('',(1.,0.,0.));
#4633=DIRECTION('',(0.,0.,-1.));
#4634=DIRECTION('',(1.,0.,0.));
#4635=DIRECTION('',(0.,0.,-1.));
#4636=DIRECTION('',(-1.,0.,0.));
#4637=DIRECTION('',(0.,0.,1.));
#4638=DIRECTION('',(-1.,0.,0.));
#4639=DIRECTION('',(-1.,0.,0.));
#4640=DIRECTION('',(0.,0.,1.));
#4641=DIRECTION('',(-1.,0.,0.));
#4642=DIRECTION('',(0.,0.,1.));
#4643=DIRECTION('',(1.,0.,0.));
#4644=DIRECTION('',(0.,0.,1.));
#4645=DIRECTION('',(1.,0.,0.));
#4646=DIRECTION('',(-1.,0.,0.));
#4647=DIRECTION('',(-1.,0.,0.));
#4648=DIRECTION('',(-1.,0.,0.));
#4649=DIRECTION('',(0.,0.,1.));
#4650=DIRECTION('',(-1.,0.,0.));
#4651=DIRECTION('',(0.,0.,1.));
#4652=DIRECTION('',(0.,-1.,0.));
#4653=DIRECTION('',(0.,0.,-1.));
#4654=DIRECTION('',(0.,1.,0.));
#4655=DIRECTION('',(1.,0.,0.));
#4656=DIRECTION('',(0.,-1.,0.));
#4657=DIRECTION('',(0.,1.,0.));
#4658=DIRECTION('',(1.,0.,0.));
#4659=DIRECTION('',(0.,-1.,0.));
#4660=DIRECTION('',(0.,-1.,0.));
#4661=DIRECTION('',(0.,0.,-1.));
#4662=DIRECTION('',(0.,1.,0.));
#4663=DIRECTION('',(1.,0.,0.));
#4664=DIRECTION('',(0.,-1.,0.));
#4665=DIRECTION('',(0.,1.,0.));
#4666=DIRECTION('',(1.,0.,0.));
#4667=DIRECTION('',(0.,-1.,0.));
#4668=DIRECTION('',(0.,0.,-1.));
#4669=DIRECTION('',(0.,1.,0.));
#4670=DIRECTION('',(1.,0.,0.));
#4671=DIRECTION('',(0.,-1.,0.));
#4672=DIRECTION('',(0.,1.,0.));
#4673=DIRECTION('',(1.,0.,0.));
#4674=DIRECTION('',(-1.,0.,0.));
#4675=DIRECTION('',(0.,0.,1.));
#4676=DIRECTION('',(0.,0.,-1.));
#4677=DIRECTION('',(-1.,0.,0.));
#4678=DIRECTION('',(0.,0.,1.));
#4679=DIRECTION('',(0.,0.,-1.));
#4680=DIRECTION('',(1.,0.,0.));
#4681=DIRECTION('',(0.,0.,-1.));
#4682=DIRECTION('',(0.,0.,1.));
#4683=DIRECTION('',(1.,0.,0.));
#4684=DIRECTION('',(0.,0.,-1.));
#4685=DIRECTION('',(0.,0.,1.));
#4686=DIRECTION('',(0.,-1.,0.));
#4687=DIRECTION('',(0.,-1.,0.));
#4688=DIRECTION('',(0.,0.,-1.));
#4689=DIRECTION('',(0.,1.,0.));
#4690=DIRECTION('',(1.,0.,0.));
#4691=DIRECTION('',(0.,-1.,0.));
#4692=DIRECTION('',(0.,1.,0.));
#4693=DIRECTION('',(1.,0.,0.));
#4694=DIRECTION('',(0.,-1.,0.));
#4695=DIRECTION('',(0.,0.,-1.));
#4696=DIRECTION('',(0.,1.,0.));
#4697=DIRECTION('',(1.,0.,0.));
#4698=DIRECTION('',(0.,-1.,0.));
#4699=DIRECTION('',(0.,1.,0.));
#4700=DIRECTION('',(1.,0.,0.));
#4701=DIRECTION('',(0.,-1.,0.));
#4702=DIRECTION('',(0.,0.,-1.));
#4703=DIRECTION('',(0.,1.,0.));
#4704=DIRECTION('',(1.,0.,0.));
#4705=DIRECTION('',(0.,-1.,0.));
#4706=DIRECTION('',(0.,1.,0.));
#4707=DIRECTION('',(1.,0.,0.));
#4708=DIRECTION('',(0.,1.,0.));
#4709=DIRECTION('',(0.,0.,1.));
#4710=DIRECTION('',(-1.,0.,0.));
#4711=DIRECTION('',(0.,0.,1.));
#4712=DIRECTION('',(4.33889327155843E-16,0.,-1.));
#4713=DIRECTION('',(0.,1.,0.));
#4714=DIRECTION('',(0.,0.,1.));
#4715=DIRECTION('',(-1.,0.,0.));
#4716=DIRECTION('',(4.33889327155843E-16,0.,-1.));
#4717=DIRECTION('',(0.,0.,1.));
#4718=DIRECTION('',(1.,0.,0.));
#4719=DIRECTION('',(0.,0.,-1.));
#4720=DIRECTION('',(-1.,0.,-4.33889327155843E-16));
#4721=DIRECTION('',(-4.33889327155843E-16,0.,1.));
#4722=DIRECTION('',(-1.,0.,0.));
#4723=DIRECTION('',(0.,0.,1.));
#4724=DIRECTION('',(0.,0.,-1.));
#4725=DIRECTION('',(0.,0.,-1.));
#4726=DIRECTION('',(0.,-1.,0.));
#4727=DIRECTION('',(0.,1.,0.));
#4728=DIRECTION('',(0.,0.,1.));
#4729=DIRECTION('',(-1.,0.,0.));
#4730=DIRECTION('',(0.,0.,1.));
#4731=DIRECTION('',(0.,1.,0.));
#4732=DIRECTION('',(1.,0.,0.));
#4733=DIRECTION('',(0.,1.,0.));
#4734=DIRECTION('',(1.,0.,0.));
#4735=DIRECTION('',(0.,1.,0.));
#4736=DIRECTION('',(1.,0.,0.));
#4737=DIRECTION('',(-2.60333596293506E-15,0.,1.));
#4738=DIRECTION('',(0.,1.,0.));
#4739=DIRECTION('',(1.,0.,0.));
#4740=DIRECTION('',(0.,1.,0.));
#4741=DIRECTION('',(1.,0.,0.));
#4742=DIRECTION('',(0.,1.,0.));
#4743=DIRECTION('',(1.,0.,0.));
#4744=DIRECTION('',(0.,0.,-1.));
#4745=DIRECTION('',(0.,1.,0.));
#4746=DIRECTION('',(0.,0.,1.));
#4747=DIRECTION('',(0.,0.,1.));
#4748=DIRECTION('',(-1.,0.,0.));
#4749=DIRECTION('',(0.,0.,-1.));
#4750=DIRECTION('',(0.,1.,0.));
#4751=DIRECTION('',(1.,0.,0.));
#4752=DIRECTION('',(0.,1.,0.));
#4753=DIRECTION('',(1.,0.,0.));
#4754=DIRECTION('',(0.,1.,0.));
#4755=DIRECTION('',(1.,0.,0.));
#4756=DIRECTION('',(-2.60333596293506E-15,0.,1.));
#4757=DIRECTION('',(0.,1.,0.));
#4758=DIRECTION('',(1.,0.,0.));
#4759=DIRECTION('',(0.,1.,0.));
#4760=DIRECTION('',(1.,0.,0.));
#4761=DIRECTION('',(0.,1.,0.));
#4762=DIRECTION('',(1.,0.,0.));
#4763=DIRECTION('',(1.,0.,2.60333596293506E-15));
#4764=DIRECTION('',(2.60333596293506E-15,0.,-1.));
#4765=DIRECTION('',(0.,-1.,0.));
#4766=DIRECTION('',(0.,-1.,0.));
#4767=DIRECTION('',(0.,0.,-1.));
#4768=DIRECTION('',(0.,-1.,0.));
#4769=DIRECTION('',(0.,-1.,0.));
#4770=DIRECTION('',(0.,0.,-1.));
#4771=DIRECTION('',(0.,-1.,0.));
#4772=DIRECTION('',(0.,-1.,0.));
#4773=DIRECTION('',(0.,0.,-1.));
#4774=DIRECTION('',(0.,-1.,0.));
#4775=DIRECTION('',(1.,0.,0.));
#4776=DIRECTION('',(0.,0.,-1.));
#4777=DIRECTION('',(1.,0.,0.));
#4778=DIRECTION('',(0.,0.,-1.));
#4779=DIRECTION('',(-1.,0.,0.));
#4780=DIRECTION('',(0.,0.,1.));
#4781=DIRECTION('',(-1.,0.,0.));
#4782=DIRECTION('',(0.,0.,1.));
#4783=DIRECTION('',(0.,-1.,0.));
#4784=DIRECTION('',(0.,-1.,0.));
#4785=DIRECTION('',(0.,0.,-1.));
#4786=DIRECTION('',(0.,-1.,0.));
#4787=DIRECTION('',(0.,-1.,0.));
#4788=DIRECTION('',(0.,0.,-1.));
#4789=DIRECTION('',(0.,-1.,0.));
#4790=DIRECTION('',(0.,-1.,0.));
#4791=DIRECTION('',(0.,0.,-1.));
#4792=DIRECTION('',(-1.,0.,0.));
#4793=DIRECTION('',(0.,0.,1.));
#4794=DIRECTION('',(-1.,0.,0.));
#4795=DIRECTION('',(0.,0.,1.));
#4796=DIRECTION('',(0.,1.,0.));
#4797=DIRECTION('',(-1.,0.,0.));
#4798=DIRECTION('',(0.,0.,1.));
#4799=DIRECTION('',(1.,0.,0.));
#4800=DIRECTION('',(-1.,0.,0.));
#4801=DIRECTION('',(0.,-1.,0.));
#4802=DIRECTION('',(-1.,0.,0.));
#4803=DIRECTION('',(0.,-1.,0.));
#4804=DIRECTION('',(1.,0.,0.));
#4805=DIRECTION('',(0.,0.,-1.));
#4806=DIRECTION('',(0.,0.,1.));
#4807=DIRECTION('',(0.,-1.,0.));
#4808=DIRECTION('',(0.,0.,1.));
#4809=DIRECTION('',(0.,0.,-1.));
#4810=DIRECTION('',(-1.,0.,0.));
#4811=DIRECTION('',(1.,0.,0.));
#4812=DIRECTION('',(0.,-1.,0.));
#4813=DIRECTION('',(1.,0.,0.));
#4814=DIRECTION('',(-1.,0.,0.));
#4815=DIRECTION('',(0.,0.,1.));
#4816=DIRECTION('',(0.,0.,-1.));
#4817=DIRECTION('',(0.,0.,-1.));
#4818=DIRECTION('',(0.,1.,0.));
#4819=DIRECTION('',(0.,0.,1.));
#4820=DIRECTION('',(0.,1.,0.));
#4821=DIRECTION('',(0.,0.,1.));
#4822=DIRECTION('',(0.,1.,0.));
#4823=DIRECTION('',(1.,0.,0.));
#4824=DIRECTION('',(0.,1.,0.));
#4825=DIRECTION('',(1.,0.,0.));
#4826=DIRECTION('',(0.,1.,0.));
#4827=DIRECTION('',(0.,0.,1.));
#4828=DIRECTION('',(6.12323399573677E-17,-1.,0.));
#4829=DIRECTION('',(0.,0.,-1.));
#4830=DIRECTION('',(0.,0.,1.));
#4831=DIRECTION('',(1.,0.,0.));
#4832=DIRECTION('',(1.,0.,0.));
#4833=DIRECTION('',(0.,0.,-1.));
#4834=DIRECTION('',(1.,0.,0.));
#4835=DIRECTION('',(0.,0.,-1.));
#4836=DIRECTION('',(1.,0.,0.));
#4837=DIRECTION('',(0.,0.,-1.));
#4838=DIRECTION('',(1.,0.,0.));
#4839=DIRECTION('',(0.,0.,-1.));
#4840=DIRECTION('',(0.,1.,0.));
#4841=DIRECTION('',(0.,0.,1.));
#4842=DIRECTION('',(6.12323399573677E-17,-1.,0.));
#4843=DIRECTION('',(0.,0.,-1.));
#4844=DIRECTION('',(0.,0.,1.));
#4845=DIRECTION('',(1.,0.,0.));
#4846=DIRECTION('',(1.,0.,0.));
#4847=DIRECTION('',(0.,0.,-1.));
#4848=DIRECTION('',(1.,0.,0.));
#4849=DIRECTION('',(0.,0.,-1.));
#4850=DIRECTION('',(1.,0.,0.));
#4851=DIRECTION('',(0.,0.,-1.));
#4852=DIRECTION('',(1.,0.,0.));
#4853=DIRECTION('',(0.,0.,-1.));
#4854=DIRECTION('',(-1.,0.,0.));
#4855=DIRECTION('',(0.,-1.,0.));
#4856=CARTESIAN_POINT('',(0.,0.,0.));
#4857=CARTESIAN_POINT('',(-0.0985,0.177,0.108));
#4858=CARTESIAN_POINT('',(-0.0951666666666667,0.170333333333333,0.111333333333333));
#4859=CARTESIAN_POINT('',(-0.0985,0.167,0.108));
#4860=CARTESIAN_POINT('',(-0.0935,0.172,0.113));
#4861=CARTESIAN_POINT('',(-0.0985,0.177,0.108));
#4862=CARTESIAN_POINT('',(-0.0985,0.,0.108));
#4863=CARTESIAN_POINT('',(-0.0985,0.,0.108));
#4864=CARTESIAN_POINT('',(-0.0885,0.,0.118));
#4865=CARTESIAN_POINT('',(-0.0885,0.177,0.118));
#4866=CARTESIAN_POINT('',(-0.0885,0.167,0.118));
#4867=CARTESIAN_POINT('',(-0.0985,0.177,0.108));
#4868=CARTESIAN_POINT('',(0.0885,0.177,0.118));
#4869=CARTESIAN_POINT('',(0.0885,0.177,0.118));
#4870=CARTESIAN_POINT('',(0.0935,0.172,0.113));
#4871=CARTESIAN_POINT('',(0.0985,0.167,0.108));
#4872=CARTESIAN_POINT('',(0.0918333333333333,0.170333333333333,0.114666666666667));
#4873=CARTESIAN_POINT('',(0.0885,0.167,0.118));
#4874=CARTESIAN_POINT('',(0.0885,0.177,0.118));
#4875=CARTESIAN_POINT('',(0.0885,0.,0.118));
#4876=CARTESIAN_POINT('',(0.0885,0.,0.118));
#4877=CARTESIAN_POINT('',(0.0985,0.,0.108));
#4878=CARTESIAN_POINT('',(0.0985,0.177,0.108));
#4879=CARTESIAN_POINT('',(0.0985,0.177,-0.108));
#4880=CARTESIAN_POINT('',(0.0951666666666667,0.170333333333333,-0.111333333333333));
#4881=CARTESIAN_POINT('',(0.0985,0.167,-0.108));
#4882=CARTESIAN_POINT('',(0.0935,0.172,-0.113));
#4883=CARTESIAN_POINT('',(0.0985,0.177,-0.108));
#4884=CARTESIAN_POINT('',(0.0985,0.,-0.108));
#4885=CARTESIAN_POINT('',(0.0985,0.,-0.108));
#4886=CARTESIAN_POINT('',(0.0885,0.,-0.118));
#4887=CARTESIAN_POINT('',(0.0885,0.177,-0.118));
#4888=CARTESIAN_POINT('',(0.0885,0.167,-0.118));
#4889=CARTESIAN_POINT('',(0.0985,0.177,-0.108));
#4890=CARTESIAN_POINT('',(-0.0885,0.177,-0.118));
#4891=CARTESIAN_POINT('',(-0.0885,0.177,-0.118));
#4892=CARTESIAN_POINT('',(-0.0935,0.172,-0.113));
#4893=CARTESIAN_POINT('',(-0.0985,0.167,-0.108));
#4894=CARTESIAN_POINT('',(-0.0918333333333333,0.170333333333333,-0.114666666666667));
#4895=CARTESIAN_POINT('',(-0.0885,0.167,-0.118));
#4896=CARTESIAN_POINT('',(-0.0885,0.177,-0.118));
#4897=CARTESIAN_POINT('',(-0.0885,0.,-0.118));
#4898=CARTESIAN_POINT('',(-0.0885,0.,-0.118));
#4899=CARTESIAN_POINT('',(-0.0985,0.,-0.108));
#4900=CARTESIAN_POINT('',(-0.0985,0.177,-0.108));
#4901=CARTESIAN_POINT('',(0.,0.177,0.));
#4902=CARTESIAN_POINT('',(-0.01,0.177,0.098));
#4903=CARTESIAN_POINT('',(-0.01,0.177,0.098));
#4904=CARTESIAN_POINT('',(-0.01,0.177,0.108));
#4905=CARTESIAN_POINT('',(0.00999999999999997,0.177,0.098));
#4906=CARTESIAN_POINT('',(0.00999999999999997,0.177,0.098));
#4907=CARTESIAN_POINT('',(0.00999999999999997,0.177,0.118));
#4908=CARTESIAN_POINT('',(0.00999999999999997,0.177,0.108));
#4909=CARTESIAN_POINT('',(0.0985,0.177,0.108));
#4910=CARTESIAN_POINT('',(0.0885,0.177,0.108));
#4911=CARTESIAN_POINT('',(0.0885,0.177,0.118));
#4912=CARTESIAN_POINT('',(0.0885,0.177,-0.108));
#4913=CARTESIAN_POINT('',(0.0985,0.177,-0.108));
#4914=CARTESIAN_POINT('',(-0.0885,0.177,-0.108));
#4915=CARTESIAN_POINT('',(-0.0885,0.177,0.118));
#4916=CARTESIAN_POINT('',(-0.0885,0.177,0.108));
#4917=CARTESIAN_POINT('',(0.0985,0.177,0.108));
#4918=CARTESIAN_POINT('',(-0.0985,0.177,-0.108));
#4919=CARTESIAN_POINT('',(-0.0985,0.167,0.118));
#4920=CARTESIAN_POINT('',(-0.0985,0.,-0.108));
#4921=CARTESIAN_POINT('',(0.0985,0.177,0.108));
#4922=CARTESIAN_POINT('',(0.0985,0.167,0.118));
#4923=CARTESIAN_POINT('',(0.0985,0.,0.108));
#4924=CARTESIAN_POINT('',(0.0985,0.177,-0.108));
#4925=CARTESIAN_POINT('',(-0.0261666666666666,0.239333333333333,-0.0456666666666667));
#4926=CARTESIAN_POINT('',(0.0918333333333333,0.173666666666667,-0.111333333333333));
#4927=CARTESIAN_POINT('',(0.0985,0.167,-0.118));
#4928=CARTESIAN_POINT('',(0.0985,0.167,0.118));
#4929=CARTESIAN_POINT('',(-0.01,0.167,0.118));
#4930=CARTESIAN_POINT('',(-0.01,0.169,0.116));
#4931=CARTESIAN_POINT('',(-0.0328333333333333,0.232666666666667,0.0523333333333333));
#4932=CARTESIAN_POINT('',(0.0985,0.167,0.118));
#4933=CARTESIAN_POINT('',(0.0985,0.167,0.118));
#4934=CARTESIAN_POINT('',(0.00999999999999996,0.167,0.118));
#4935=CARTESIAN_POINT('',(0.00999999999999997,0.169,0.116));
#4936=CARTESIAN_POINT('',(0.0985,0.169,0.116));
#4937=CARTESIAN_POINT('',(-0.0885,0.177,0.118));
#4938=CARTESIAN_POINT('',(-0.0885,0.,0.118));
#4939=CARTESIAN_POINT('',(0.0885,0.177,-0.118));
#4940=CARTESIAN_POINT('',(0.0885,0.,-0.118));
#4941=CARTESIAN_POINT('',(0.,0.,0.));
#4942=CARTESIAN_POINT('',(-0.1,0.,-0.162));
#4943=CARTESIAN_POINT('',(-0.1,0.,-0.15));
#4944=CARTESIAN_POINT('',(-0.1,0.,0.15));
#4945=CARTESIAN_POINT('',(-0.0985,0.,0.15));
#4946=CARTESIAN_POINT('',(-0.118,0.,0.15));
#4947=CARTESIAN_POINT('',(-0.118,0.,0.15));
#4948=CARTESIAN_POINT('',(-0.118,0.,0.162));
#4949=CARTESIAN_POINT('',(-0.118,0.,0.162));
#4950=CARTESIAN_POINT('',(-0.103,0.,0.177));
#4951=CARTESIAN_POINT('',(-0.085,0.,0.177));
#4952=CARTESIAN_POINT('',(0.085,0.,0.177));
#4953=CARTESIAN_POINT('',(0.085,0.,0.177));
#4954=CARTESIAN_POINT('',(0.0855000000000001,0.,0.1765));
#4955=CARTESIAN_POINT('',(0.0855000000000003,0.,0.1545));
#4956=CARTESIAN_POINT('',(0.0855000000000003,0.,0.1545));
#4957=CARTESIAN_POINT('',(0.,0.,0.1545));
#4958=CARTESIAN_POINT('',(0.1,0.,0.1545));
#4959=CARTESIAN_POINT('',(0.1,0.,0.162));
#4960=CARTESIAN_POINT('',(0.1,0.,-0.1545));
#4961=CARTESIAN_POINT('',(0.0855,0.,-0.1545));
#4962=CARTESIAN_POINT('',(0.0855,0.,-0.1545));
#4963=CARTESIAN_POINT('',(0.0854999999999991,0.,5.19051118796205E-16));
#4964=CARTESIAN_POINT('',(0.0855000000000001,0.,-0.1765));
#4965=CARTESIAN_POINT('',(0.1,0.,-0.162));
#4966=CARTESIAN_POINT('',(0.085,0.,-0.177));
#4967=CARTESIAN_POINT('',(0.085,0.,-0.177));
#4968=CARTESIAN_POINT('',(-0.103,0.,-0.177));
#4969=CARTESIAN_POINT('',(-0.103,0.,-0.177));
#4970=CARTESIAN_POINT('',(-0.118,0.,-0.162));
#4971=CARTESIAN_POINT('',(-0.118,0.,-0.162));
#4972=CARTESIAN_POINT('',(-0.118,0.,-0.15));
#4973=CARTESIAN_POINT('',(-0.118,0.,-0.15));
#4974=CARTESIAN_POINT('',(0.085,-0.339,-0.177));
#4975=CARTESIAN_POINT('',(-0.103,-0.03,-0.177));
#4976=CARTESIAN_POINT('',(-0.103,-0.03,-0.177));
#4977=CARTESIAN_POINT('',(0.085,-0.339,-0.177));
#4978=CARTESIAN_POINT('',(0.085,-0.339,-0.177));
#4979=CARTESIAN_POINT('',(0.085,-0.339,-0.177));
#4980=CARTESIAN_POINT('',(0.07,-0.339,-0.177));
#4981=CARTESIAN_POINT('',(0.07,-0.319,-0.177));
#4982=CARTESIAN_POINT('',(0.07,-0.319,-0.177));
#4983=CARTESIAN_POINT('',(0.07,-0.319,-0.177));
#4984=CARTESIAN_POINT('',(-0.07,-0.319,-0.177));
#4985=CARTESIAN_POINT('',(-0.07,-0.319,-0.177));
#4986=CARTESIAN_POINT('',(-0.07,-0.339,-0.177));
#4987=CARTESIAN_POINT('',(0.085,-0.339,-0.177));
#4988=CARTESIAN_POINT('',(-0.085,-0.339,-0.177));
#4989=CARTESIAN_POINT('',(-0.085,-0.339,-0.177));
#4990=CARTESIAN_POINT('',(-0.0849999999999999,-0.03,-0.177));
#4991=CARTESIAN_POINT('',(-0.003,-0.03,-0.177));
#4992=CARTESIAN_POINT('',(0.0161428571428631,-0.2076,-0.177));
#4993=CARTESIAN_POINT('',(0.0161428571428631,-0.2076,-0.177));
#4994=CARTESIAN_POINT('',(0.0161428571428631,-0.1276,-0.177));
#4995=CARTESIAN_POINT('',(0.0161428571428631,-0.2076,-0.177));
#4996=CARTESIAN_POINT('',(0.0649999999999955,-0.2076,-0.177));
#4997=CARTESIAN_POINT('',(0.0649999999999955,-0.2076,-0.177));
#4998=CARTESIAN_POINT('',(0.0649999999999955,-0.1276,-0.177));
#4999=CARTESIAN_POINT('',(0.0161428571428631,-0.1276,-0.177));
#5000=CARTESIAN_POINT('',(-0.1,-0.339,0.162));
#5001=CARTESIAN_POINT('',(-0.085,-0.339,0.177));
#5002=CARTESIAN_POINT('',(-0.085,-0.339,0.177));
#5003=CARTESIAN_POINT('',(-0.085,-0.03,0.177));
#5004=CARTESIAN_POINT('',(-0.1,-0.03,0.162));
#5005=CARTESIAN_POINT('',(-0.1,-0.03,0.162));
#5006=CARTESIAN_POINT('',(-0.1,-0.339,0.162));
#5007=CARTESIAN_POINT('',(-0.1,-0.339,0.162));
#5008=CARTESIAN_POINT('',(-0.1,-0.339,0.162));
#5009=CARTESIAN_POINT('',(-0.085,-0.339,-0.177));
#5010=CARTESIAN_POINT('',(-0.1,-0.339,-0.162));
#5011=CARTESIAN_POINT('',(-0.1,-0.339,-0.162));
#5012=CARTESIAN_POINT('',(-0.1,-0.03,-0.162));
#5013=CARTESIAN_POINT('',(-0.085,-0.03,-0.177));
#5014=CARTESIAN_POINT('',(-0.085,-0.339,-0.177));
#5015=CARTESIAN_POINT('',(0.,-0.319,0.));
#5016=CARTESIAN_POINT('',(0.,-0.319,-0.162));
#5017=CARTESIAN_POINT('',(-0.07,-0.319,-0.162));
#5018=CARTESIAN_POINT('',(0.07,-0.319,-0.162));
#5019=CARTESIAN_POINT('',(-0.07,-0.319,-0.177));
#5020=CARTESIAN_POINT('',(0.07,-0.319,-0.162));
#5021=CARTESIAN_POINT('',(0.,-0.319,0.));
#5022=CARTESIAN_POINT('',(-0.085,-0.319,0.));
#5023=CARTESIAN_POINT('',(-0.085,-0.319,0.147));
#5024=CARTESIAN_POINT('',(-0.085,-0.319,-0.147));
#5025=CARTESIAN_POINT('',(-0.1,-0.319,0.147));
#5026=CARTESIAN_POINT('',(-0.1,-0.319,0.147));
#5027=CARTESIAN_POINT('',(-0.1,-0.319,-0.147));
#5028=CARTESIAN_POINT('',(-0.1,-0.319,-0.147));
#5029=CARTESIAN_POINT('',(-0.085,-0.319,-0.147));
#5030=CARTESIAN_POINT('',(0.,-0.319,0.));
#5031=CARTESIAN_POINT('',(0.,-0.319,0.162));
#5032=CARTESIAN_POINT('',(0.0699999999999999,-0.319,0.162));
#5033=CARTESIAN_POINT('',(-0.0699999999999999,-0.319,0.162));
#5034=CARTESIAN_POINT('',(0.0699999999999999,-0.319,0.177));
#5035=CARTESIAN_POINT('',(0.0699999999999999,-0.319,0.177));
#5036=CARTESIAN_POINT('',(-0.0699999999999999,-0.319,0.177));
#5037=CARTESIAN_POINT('',(-0.0699999999999999,-0.319,0.177));
#5038=CARTESIAN_POINT('',(-0.0699999999999999,-0.319,0.162));
#5039=CARTESIAN_POINT('',(0.,-0.319,0.));
#5040=CARTESIAN_POINT('',(0.085,-0.319,0.));
#5041=CARTESIAN_POINT('',(0.085,-0.319,-0.162));
#5042=CARTESIAN_POINT('',(0.085,-0.319,0.162));
#5043=CARTESIAN_POINT('',(0.1,-0.319,-0.162));
#5044=CARTESIAN_POINT('',(0.1,-0.319,-0.162));
#5045=CARTESIAN_POINT('',(0.1,-0.319,0.162));
#5046=CARTESIAN_POINT('',(0.1,-0.319,0.162));
#5047=CARTESIAN_POINT('',(0.0699999999999999,-0.319,0.162));
#5048=CARTESIAN_POINT('',(-0.1,-0.339,-0.162));
#5049=CARTESIAN_POINT('',(-0.1,-0.339,0.15));
#5050=CARTESIAN_POINT('',(-0.1,-0.03,0.15));
#5051=CARTESIAN_POINT('',(-0.1,-0.339,-0.15));
#5052=CARTESIAN_POINT('',(-0.1,-0.03,-0.15));
#5053=CARTESIAN_POINT('',(-0.1,-0.03,-0.162));
#5054=CARTESIAN_POINT('',(-0.1,-0.339,-0.162));
#5055=CARTESIAN_POINT('',(-0.1,-0.339,-0.147));
#5056=CARTESIAN_POINT('',(-0.1,-0.319,-0.147));
#5057=CARTESIAN_POINT('',(-0.1,-0.319,0.147));
#5058=CARTESIAN_POINT('',(-0.1,-0.339,0.147));
#5059=CARTESIAN_POINT('',(-0.1,-0.339,-0.162));
#5060=CARTESIAN_POINT('',(-0.1,-0.03,-0.162));
#5061=CARTESIAN_POINT('',(-0.085,-0.339,0.177));
#5062=CARTESIAN_POINT('',(0.065,-0.2076,0.177));
#5063=CARTESIAN_POINT('',(0.065,-0.2076,0.177));
#5064=CARTESIAN_POINT('',(0.0161428571428571,-0.2076,0.177));
#5065=CARTESIAN_POINT('',(0.0161428571428571,-0.2076,0.177));
#5066=CARTESIAN_POINT('',(0.0161428571428571,-0.1276,0.177));
#5067=CARTESIAN_POINT('',(0.065,-0.1276,0.177));
#5068=CARTESIAN_POINT('',(0.065,-0.1276,0.177));
#5069=CARTESIAN_POINT('',(0.065,-0.2076,0.177));
#5070=CARTESIAN_POINT('',(0.085,-0.339,0.177));
#5071=CARTESIAN_POINT('',(0.085,-0.339,0.177));
#5072=CARTESIAN_POINT('',(-0.103,-0.03,0.177));
#5073=CARTESIAN_POINT('',(-0.103,-0.03,0.177));
#5074=CARTESIAN_POINT('',(-0.103,-0.03,0.177));
#5075=CARTESIAN_POINT('',(-0.085,-0.339,0.177));
#5076=CARTESIAN_POINT('',(-0.0699999999999999,-0.339,0.177));
#5077=CARTESIAN_POINT('',(-0.0699999999999999,-0.319,0.177));
#5078=CARTESIAN_POINT('',(0.0699999999999999,-0.319,0.177));
#5079=CARTESIAN_POINT('',(0.0699999999999999,-0.339,0.177));
#5080=CARTESIAN_POINT('',(-0.085,-0.339,0.177));
#5081=CARTESIAN_POINT('',(0.,-0.339,0.));
#5082=CARTESIAN_POINT('',(-0.1,-0.339,0.147));
#5083=CARTESIAN_POINT('',(-0.085,-0.339,0.147));
#5084=CARTESIAN_POINT('',(-0.085,-0.339,0.147));
#5085=CARTESIAN_POINT('',(-0.085,-0.339,0.162));
#5086=CARTESIAN_POINT('',(-0.085,-0.339,0.162));
#5087=CARTESIAN_POINT('',(-0.0699999999999999,-0.339,0.162));
#5088=CARTESIAN_POINT('',(-0.0699999999999999,-0.339,0.162));
#5089=CARTESIAN_POINT('',(0.,-0.339,0.));
#5090=CARTESIAN_POINT('',(0.0699999999999999,-0.339,0.177));
#5091=CARTESIAN_POINT('',(0.0699999999999999,-0.339,0.162));
#5092=CARTESIAN_POINT('',(0.0699999999999999,-0.339,0.162));
#5093=CARTESIAN_POINT('',(0.1,-0.339,0.162));
#5094=CARTESIAN_POINT('',(0.085,-0.339,0.177));
#5095=CARTESIAN_POINT('',(0.,-0.339,0.));
#5096=CARTESIAN_POINT('',(0.1,-0.339,-0.162));
#5097=CARTESIAN_POINT('',(0.1,-0.339,-0.162));
#5098=CARTESIAN_POINT('',(0.07,-0.339,-0.162));
#5099=CARTESIAN_POINT('',(0.07,-0.339,-0.162));
#5100=CARTESIAN_POINT('',(0.1,-0.339,-0.162));
#5101=CARTESIAN_POINT('',(0.,-0.339,0.));
#5102=CARTESIAN_POINT('',(-0.07,-0.339,-0.177));
#5103=CARTESIAN_POINT('',(-0.07,-0.339,-0.162));
#5104=CARTESIAN_POINT('',(-0.07,-0.339,-0.162));
#5105=CARTESIAN_POINT('',(-0.085,-0.339,-0.162));
#5106=CARTESIAN_POINT('',(-0.085,-0.339,-0.162));
#5107=CARTESIAN_POINT('',(-0.085,-0.339,-0.147));
#5108=CARTESIAN_POINT('',(-0.085,-0.339,-0.147));
#5109=CARTESIAN_POINT('',(0.085,-0.339,0.177));
#5110=CARTESIAN_POINT('',(0.0855000000000001,-0.339,0.1765));
#5111=CARTESIAN_POINT('',(0.0855000000000001,-0.03,0.1765));
#5112=CARTESIAN_POINT('',(0.1,-0.339,0.162));
#5113=CARTESIAN_POINT('',(0.1,-0.339,0.162));
#5114=CARTESIAN_POINT('',(0.1,-0.03,0.162));
#5115=CARTESIAN_POINT('',(0.085,-0.03,0.177));
#5116=CARTESIAN_POINT('',(0.1,-0.339,0.162));
#5117=CARTESIAN_POINT('',(0.1,-0.2076,0.));
#5118=CARTESIAN_POINT('',(0.1,-0.2076,0.));
#5119=CARTESIAN_POINT('',(0.1,-0.2076,0.0448571428571429));
#5120=CARTESIAN_POINT('',(0.1,-0.2076,0.0448571428571429));
#5121=CARTESIAN_POINT('',(0.1,-0.1276,0.0448571428571429));
#5122=CARTESIAN_POINT('',(0.1,-0.1276,0.));
#5123=CARTESIAN_POINT('',(0.1,-0.1276,0.));
#5124=CARTESIAN_POINT('',(0.1,-0.2076,0.));
#5125=CARTESIAN_POINT('',(0.1,-0.339,-0.1545));
#5126=CARTESIAN_POINT('',(0.1,-0.03,-0.1545));
#5127=CARTESIAN_POINT('',(0.1,-0.339,0.1545));
#5128=CARTESIAN_POINT('',(0.1,-0.03,0.1545));
#5129=CARTESIAN_POINT('',(0.1,-0.03,0.162));
#5130=CARTESIAN_POINT('',(0.1,-0.339,-0.162));
#5131=CARTESIAN_POINT('',(0.1,-0.03,-0.162));
#5132=CARTESIAN_POINT('',(0.1,-0.03,0.162));
#5133=CARTESIAN_POINT('',(0.1,-0.339,-0.162));
#5134=CARTESIAN_POINT('',(0.0855000000000001,-0.339,-0.1765));
#5135=CARTESIAN_POINT('',(0.0855000000000001,-0.03,-0.1765));
#5136=CARTESIAN_POINT('',(0.1,-0.03,-0.162));
#5137=CARTESIAN_POINT('',(0.1,-0.339,-0.162));
#5138=CARTESIAN_POINT('',(-0.1,-0.319,0.147));
#5139=CARTESIAN_POINT('',(-0.085,-0.319,0.147));
#5140=CARTESIAN_POINT('',(-0.085,-0.319,0.147));
#5141=CARTESIAN_POINT('',(-0.085,-0.319,-0.147));
#5142=CARTESIAN_POINT('',(-0.085,-0.319,-0.162));
#5143=CARTESIAN_POINT('',(-0.085,-0.314,-0.162));
#5144=CARTESIAN_POINT('',(-0.085,-0.314,-0.162));
#5145=CARTESIAN_POINT('',(-0.085,-0.314,0.162));
#5146=CARTESIAN_POINT('',(-0.085,-0.319,0.162));
#5147=CARTESIAN_POINT('',(-0.085,-0.319,0.162));
#5148=CARTESIAN_POINT('',(-0.085,-0.314,0.162));
#5149=CARTESIAN_POINT('',(0.085,-0.314,0.162));
#5150=CARTESIAN_POINT('',(0.085,-0.314,0.162));
#5151=CARTESIAN_POINT('',(0.0699999999999999,-0.319,0.162));
#5152=CARTESIAN_POINT('',(-0.0699999999999999,-0.319,0.162));
#5153=CARTESIAN_POINT('',(-0.0699999999999999,-0.319,0.162));
#5154=CARTESIAN_POINT('',(0.0699999999999999,-0.319,0.177));
#5155=CARTESIAN_POINT('',(0.1,-0.319,-0.162));
#5156=CARTESIAN_POINT('',(0.07,-0.319,-0.162));
#5157=CARTESIAN_POINT('',(0.085,-0.314,-0.162));
#5158=CARTESIAN_POINT('',(0.085,-0.314,-0.162));
#5159=CARTESIAN_POINT('',(0.085,-0.314,-0.162));
#5160=CARTESIAN_POINT('',(-0.07,-0.319,-0.162));
#5161=CARTESIAN_POINT('',(0.07,-0.319,-0.162));
#5162=CARTESIAN_POINT('',(-0.07,-0.319,-0.177));
#5163=CARTESIAN_POINT('',(-0.085,-0.319,-0.147));
#5164=CARTESIAN_POINT('',(0.085,-0.314,0.162));
#5165=CARTESIAN_POINT('',(0.085,-0.314,0.162));
#5166=CARTESIAN_POINT('',(0.,-0.314,0.));
#5167=CARTESIAN_POINT('',(0.0855000000000003,-0.03,0.1545));
#5168=CARTESIAN_POINT('',(0.0855000000000003,-0.03,0.1545));
#5169=CARTESIAN_POINT('',(0.0855000000000003,-0.03,0.1545));
#5170=CARTESIAN_POINT('',(0.0855000000000003,-0.03,0.1545));
#5171=CARTESIAN_POINT('',(0.103,-0.03,0.1545));
#5172=CARTESIAN_POINT('',(0.103,-0.03,0.1545));
#5173=CARTESIAN_POINT('',(0.,-0.03,0.));
#5174=CARTESIAN_POINT('',(0.0855000000000001,-0.03,-0.177));
#5175=CARTESIAN_POINT('',(0.0855,-0.03,-0.1545));
#5176=CARTESIAN_POINT('',(0.0855,-0.03,-0.1545));
#5177=CARTESIAN_POINT('',(0.0855000000000001,-0.03,-0.177));
#5178=CARTESIAN_POINT('',(0.0855,-0.03,-0.1545));
#5179=CARTESIAN_POINT('',(0.0855,-0.03,-0.1545));
#5180=CARTESIAN_POINT('',(0.,-0.03,0.));
#5181=CARTESIAN_POINT('',(-0.118,-0.03,-0.162));
#5182=CARTESIAN_POINT('',(-0.118,-0.03,-0.162));
#5183=CARTESIAN_POINT('',(-0.118,-0.03,-0.162));
#5184=CARTESIAN_POINT('',(-0.118,-0.03,-0.162));
#5185=CARTESIAN_POINT('',(-0.118,-0.03,-0.15));
#5186=CARTESIAN_POINT('',(-0.118,-0.03,-0.15));
#5187=CARTESIAN_POINT('',(-0.103,-0.03,-0.177));
#5188=CARTESIAN_POINT('',(-0.103,-0.03,-0.177));
#5189=CARTESIAN_POINT('',(0.,-0.03,0.));
#5190=CARTESIAN_POINT('',(-0.118,-0.03,-0.15));
#5191=CARTESIAN_POINT('',(-0.118,-0.03,-0.15));
#5192=CARTESIAN_POINT('',(0.,-0.03,0.));
#5193=CARTESIAN_POINT('',(-0.118,-0.03,0.162));
#5194=CARTESIAN_POINT('',(-0.118,-0.03,0.162));
#5195=CARTESIAN_POINT('',(-0.118,-0.03,0.15));
#5196=CARTESIAN_POINT('',(-0.118,-0.03,0.15));
#5197=CARTESIAN_POINT('',(-0.0985,-0.03,0.15));
#5198=CARTESIAN_POINT('',(-0.0985,-0.03,0.15));
#5199=CARTESIAN_POINT('',(-0.118,-0.03,0.15));
#5200=CARTESIAN_POINT('',(-0.118,-0.03,0.15));
#5201=CARTESIAN_POINT('',(-0.118,-0.03,0.162));
#5202=CARTESIAN_POINT('',(-0.118,-0.03,0.162));
#5203=CARTESIAN_POINT('',(0.0161428571428571,-0.2076,0.177));
#5204=CARTESIAN_POINT('',(0.0161428571428571,-0.1276,0.177));
#5205=CARTESIAN_POINT('',(0.0321428571428571,-0.1276,0.193));
#5206=CARTESIAN_POINT('',(0.0161428571428571,-0.2076,0.177));
#5207=CARTESIAN_POINT('',(0.0321428571428571,-0.2076,0.193));
#5208=CARTESIAN_POINT('',(0.0321428571428571,-0.2076,0.193));
#5209=CARTESIAN_POINT('',(0.0321428571428571,-0.2076,0.193));
#5210=CARTESIAN_POINT('',(0.0321428571428571,-0.1276,0.193));
#5211=CARTESIAN_POINT('',(0.065,-0.1276,0.193));
#5212=CARTESIAN_POINT('',(0.0321428571428571,-0.2076,0.193));
#5213=CARTESIAN_POINT('',(0.065,-0.2076,0.193));
#5214=CARTESIAN_POINT('',(0.065,-0.2076,0.193));
#5215=CARTESIAN_POINT('',(0.065,-0.2076,0.193));
#5216=CARTESIAN_POINT('',(0.065,-0.1276,0.193));
#5217=CARTESIAN_POINT('',(0.065,-0.2076,0.193));
#5218=CARTESIAN_POINT('',(0.,-0.2076,0.));
#5219=CARTESIAN_POINT('',(0.,-0.1276,0.));
#5220=CARTESIAN_POINT('',(0.0321428571428738,-0.2076,-0.193));
#5221=CARTESIAN_POINT('',(0.0321428571428738,-0.1276,-0.193));
#5222=CARTESIAN_POINT('',(0.0321428571428738,-0.1276,-0.193));
#5223=CARTESIAN_POINT('',(0.0321428571428738,-0.2076,-0.193));
#5224=CARTESIAN_POINT('',(0.0321428571428738,-0.2076,-0.193));
#5225=CARTESIAN_POINT('',(0.0321428571428738,-0.2076,-0.193));
#5226=CARTESIAN_POINT('',(0.0649999999999955,-0.2076,-0.177));
#5227=CARTESIAN_POINT('',(0.0649999999999955,-0.1276,-0.177));
#5228=CARTESIAN_POINT('',(0.0649999999999955,-0.1276,-0.193));
#5229=CARTESIAN_POINT('',(0.0649999999999955,-0.2076,-0.177));
#5230=CARTESIAN_POINT('',(0.0649999999999955,-0.2076,-0.193));
#5231=CARTESIAN_POINT('',(0.0649999999999955,-0.2076,-0.193));
#5232=CARTESIAN_POINT('',(0.0649999999999955,-0.2076,-0.193));
#5233=CARTESIAN_POINT('',(0.0649999999999955,-0.1276,-0.193));
#5234=CARTESIAN_POINT('',(0.0649999999999955,-0.2076,-0.193));
#5235=CARTESIAN_POINT('',(0.,-0.2076,0.));
#5236=CARTESIAN_POINT('',(0.,-0.1276,0.));
#5237=CARTESIAN_POINT('',(0.1,-0.2076,0.0448571428571429));
#5238=CARTESIAN_POINT('',(0.1,-0.1276,0.0448571428571429));
#5239=CARTESIAN_POINT('',(0.112,-0.1276,0.0328571428571428));
#5240=CARTESIAN_POINT('',(0.1,-0.2076,0.0448571428571429));
#5241=CARTESIAN_POINT('',(0.112,-0.2076,0.0328571428571428));
#5242=CARTESIAN_POINT('',(0.112,-0.2076,0.0328571428571428));
#5243=CARTESIAN_POINT('',(0.112,-0.2076,0.0328571428571428));
#5244=CARTESIAN_POINT('',(0.112,-0.1276,0.0328571428571428));
#5245=CARTESIAN_POINT('',(0.112,-0.1276,0.));
#5246=CARTESIAN_POINT('',(0.112,-0.2076,0.0328571428571428));
#5247=CARTESIAN_POINT('',(0.112,-0.2076,0.));
#5248=CARTESIAN_POINT('',(0.112,-0.2076,0.));
#5249=CARTESIAN_POINT('',(0.112,-0.2076,0.));
#5250=CARTESIAN_POINT('',(0.112,-0.1276,0.));
#5251=CARTESIAN_POINT('',(0.112,-0.2076,0.));
#5252=CARTESIAN_POINT('',(0.,-0.2076,0.));
#5253=CARTESIAN_POINT('',(0.,-0.1276,0.));
#5254=CARTESIAN_POINT('',(0.0885,0.177,0.118));
#5255=CARTESIAN_POINT('',(-0.0985,0.167,0.118));
#5256=CARTESIAN_POINT('',(0.00999999999999997,0.169,0.098));
#5257=CARTESIAN_POINT('',(-0.01,0.169,0.098));
#5258=CARTESIAN_POINT('',(-0.01,0.169,0.098));
#5259=CARTESIAN_POINT('',(0.00999999999999997,0.169,0.098));
#5260=CARTESIAN_POINT('',(0.00999999999999997,0.169,0.098));
#5261=CARTESIAN_POINT('',(0.00999999999999997,0.169,0.098));
#5262=CARTESIAN_POINT('',(-0.01,0.169,0.098));
#5263=CARTESIAN_POINT('',(-0.01,0.169,0.098));
#5264=CARTESIAN_POINT('',(0.00999999999999997,0.169,0.118));
#5265=CARTESIAN_POINT('',(0.00999999999999997,0.169,0.118));
#5266=CARTESIAN_POINT('',(0.,0.169,0.));
#5267=CARTESIAN_POINT('',(0.,-0.001,-1.22464679914735E-19));
#5268=CARTESIAN_POINT('',(0.,0.213,0.));
#5269=CARTESIAN_POINT('',(0.,0.213,0.));
#5270=CARTESIAN_POINT('',(0.,0.213,-0.05));
#5271=CARTESIAN_POINT('',(0.,0.213,0.));
#5272=CARTESIAN_POINT('',(0.,0.208,0.));
#5273=CARTESIAN_POINT('',(0.,0.208,-0.055));
#5274=CARTESIAN_POINT('',(0.,0.,0.));
#5275=CARTESIAN_POINT('',(0.,0.,0.));
#5276=CARTESIAN_POINT('',(0.,0.,-0.055));
#5277=CARTESIAN_POINT('',(0.055,0.,0.));
#5278=CARTESIAN_POINT('',(0.,-0.001,0.177));
#5279=CARTESIAN_POINT('',(0.,0.248,0.));
#5280=CARTESIAN_POINT('',(0.,0.248,0.));
#5281=CARTESIAN_POINT('',(0.,0.248,-0.1425));
#5282=CARTESIAN_POINT('',(0.,0.248,0.));
#5283=CARTESIAN_POINT('',(0.,0.243,0.));
#5284=CARTESIAN_POINT('',(0.,0.243,-0.1475));
#5285=CARTESIAN_POINT('',(0.,0.213,0.));
#5286=CARTESIAN_POINT('',(0.,0.091,0.));
#5287=CARTESIAN_POINT('',(0.,0.091,-0.1475));
#5288=CARTESIAN_POINT('',(0.1475,0.091,0.));
#5289=CARTESIAN_POINT('',(0.,0.091,0.));
#5290=CARTESIAN_POINT('',(0.,0.091,-0.055));
#5291=CARTESIAN_POINT('',(0.,0.213,0.));
#5292=CARTESIAN_POINT('',(0.,0.208,0.));
#5293=CARTESIAN_POINT('',(0.,0.208,-0.055));
#5294=CARTESIAN_POINT('',(0.,0.208,0.));
#5295=CARTESIAN_POINT('',(0.,0.213,0.));
#5296=CARTESIAN_POINT('',(0.,0.213,-0.05));
#5297=CARTESIAN_POINT('',(0.05,0.213,0.));
#5298=CARTESIAN_POINT('',(-2.60849768218386E-17,-0.001,0.177));
#5299=CARTESIAN_POINT('',(-0.171,0.2495,0.006));
#5300=CARTESIAN_POINT('',(-0.189,0.2495,-0.00600000000000001));
#5301=CARTESIAN_POINT('',(-0.189,0.2495,-0.00600000000000001));
#5302=CARTESIAN_POINT('',(-0.189,0.2495,0.187));
#5303=CARTESIAN_POINT('',(0.4,0.2495,0.187));
#5304=CARTESIAN_POINT('',(-0.177,0.2495,0.187));
#5305=CARTESIAN_POINT('',(-0.177,0.2495,0.2));
#5306=CARTESIAN_POINT('',(-0.177,0.2495,0.00600000000000002));
#5307=CARTESIAN_POINT('',(-0.171,0.2495,0.006));
#5308=CARTESIAN_POINT('',(-0.171,0.2495,0.));
#5309=CARTESIAN_POINT('',(0.177,0.2495,0.));
#5310=CARTESIAN_POINT('',(-0.177,0.2495,0.));
#5311=CARTESIAN_POINT('',(-0.177,0.2495,0.));
#5312=CARTESIAN_POINT('',(-0.177,0.2495,-0.012));
#5313=CARTESIAN_POINT('',(0.183,0.2495,-0.012));
#5314=CARTESIAN_POINT('',(-0.183,0.2495,-0.012));
#5315=CARTESIAN_POINT('',(-0.183,0.2495,-0.00600000000000006));
#5316=CARTESIAN_POINT('',(-0.171,0.,0.006));
#5317=CARTESIAN_POINT('',(0.4,0.,0.187));
#5318=CARTESIAN_POINT('',(0.189,0.,0.187));
#5319=CARTESIAN_POINT('',(0.177,0.,0.187));
#5320=CARTESIAN_POINT('',(0.177,0.,0.006));
#5321=CARTESIAN_POINT('',(0.177,0.,0.006));
#5322=CARTESIAN_POINT('',(0.171,0.,0.00599999999999997));
#5323=CARTESIAN_POINT('',(0.171,0.,0.));
#5324=CARTESIAN_POINT('',(-0.171,0.,0.));
#5325=CARTESIAN_POINT('',(0.,0.,0.));
#5326=CARTESIAN_POINT('',(0.,0.,-0.031));
#5327=CARTESIAN_POINT('',(0.,0.,-0.012));
#5328=CARTESIAN_POINT('',(0.183,0.,-0.012));
#5329=CARTESIAN_POINT('',(0.183,0.,-0.012));
#5330=CARTESIAN_POINT('',(0.183,0.,-0.00600000000000004));
#5331=CARTESIAN_POINT('',(0.189,0.,-0.00600000000000002));
#5332=CARTESIAN_POINT('',(0.189,0.,0.2));
#5333=CARTESIAN_POINT('',(-0.171,0.2495,0.006));
#5334=CARTESIAN_POINT('',(0.177,0.2495,0.006));
#5335=CARTESIAN_POINT('',(0.177,0.2495,0.006));
#5336=CARTESIAN_POINT('',(0.177,0.2495,0.187));
#5337=CARTESIAN_POINT('',(0.4,0.2495,0.187));
#5338=CARTESIAN_POINT('',(0.189,0.2495,0.187));
#5339=CARTESIAN_POINT('',(0.189,0.2495,0.2));
#5340=CARTESIAN_POINT('',(0.189,0.2495,-0.00600000000000002));
#5341=CARTESIAN_POINT('',(0.183,0.2495,-0.00600000000000004));
#5342=CARTESIAN_POINT('',(0.183,0.2495,-0.012));
#5343=CARTESIAN_POINT('',(0.183,0.2495,-0.012));
#5344=CARTESIAN_POINT('',(0.177,0.2495,-0.012));
#5345=CARTESIAN_POINT('',(0.177,0.2495,0.));
#5346=CARTESIAN_POINT('',(0.177,0.2495,0.));
#5347=CARTESIAN_POINT('',(0.177,0.2495,0.));
#5348=CARTESIAN_POINT('',(0.171,0.2495,0.));
#5349=CARTESIAN_POINT('',(0.171,0.2495,0.00599999999999997));
#5350=CARTESIAN_POINT('',(-0.171,0.,0.006));
#5351=CARTESIAN_POINT('',(0.4,0.,0.187));
#5352=CARTESIAN_POINT('',(-0.189,0.,0.187));
#5353=CARTESIAN_POINT('',(-0.177,0.,0.187));
#5354=CARTESIAN_POINT('',(-0.189,0.,-0.00600000000000001));
#5355=CARTESIAN_POINT('',(-0.189,0.,-0.00600000000000001));
#5356=CARTESIAN_POINT('',(-0.183,0.,-0.00600000000000006));
#5357=CARTESIAN_POINT('',(-0.183,0.,-0.012));
#5358=CARTESIAN_POINT('',(0.183,0.,-0.012));
#5359=CARTESIAN_POINT('',(-0.02,0.,-0.012));
#5360=CARTESIAN_POINT('',(-0.02,0.,-0.031));
#5361=CARTESIAN_POINT('',(-0.02,0.,0.));
#5362=CARTESIAN_POINT('',(-0.171,0.,0.));
#5363=CARTESIAN_POINT('',(-0.171,0.,1.49397937153514E-17));
#5364=CARTESIAN_POINT('',(-0.171,0.,0.006));
#5365=CARTESIAN_POINT('',(-0.177,0.,0.00600000000000002));
#5366=CARTESIAN_POINT('',(-0.177,0.,0.2));
#5367=CARTESIAN_POINT('',(0.177,0.2495,0.));
#5368=CARTESIAN_POINT('',(-0.157,0.2495,0.));
#5369=CARTESIAN_POINT('',(-0.157,0.2495,-0.012));
#5370=CARTESIAN_POINT('',(-0.157,0.2495,-0.0310000000000001));
#5371=CARTESIAN_POINT('',(0.183,0.2495,-0.012));
#5372=CARTESIAN_POINT('',(-0.177,0.2495,0.));
#5373=CARTESIAN_POINT('',(-0.177,0.2495,-0.0310000000000001));
#5374=CARTESIAN_POINT('',(0.177,0.2495,-0.0310000000000001));
#5375=CARTESIAN_POINT('',(0.177,0.2565,-0.00499999999999999));
#5376=CARTESIAN_POINT('',(-0.157,0.2565,-0.00499999999999999));
#5377=CARTESIAN_POINT('',(-0.157,0.2615,-0.00500000000000001));
#5378=CARTESIAN_POINT('',(-0.157,0.2565,0.));
#5379=CARTESIAN_POINT('',(0.177,0.2615,-0.00500000000000001));
#5380=CARTESIAN_POINT('',(-0.177,0.2615,-0.00500000000000001));
#5381=CARTESIAN_POINT('',(-0.177,0.2565,-0.00499999999999999));
#5382=CARTESIAN_POINT('',(-0.177,0.2565,0.));
#5383=CARTESIAN_POINT('',(0.177,0.2565,0.));
#5384=CARTESIAN_POINT('',(0.177,0.2495,-0.0310000000000001));
#5385=CARTESIAN_POINT('',(-0.157,0.2495,-0.0310000000000001));
#5386=CARTESIAN_POINT('',(-0.157,0.2615,-0.0310000000000001));
#5387=CARTESIAN_POINT('',(-0.177,0.2495,-0.0310000000000001));
#5388=CARTESIAN_POINT('',(-0.177,0.2615,-0.0310000000000001));
#5389=CARTESIAN_POINT('',(0.177,0.2615,-0.0310000000000001));
#5390=CARTESIAN_POINT('',(0.177,0.2615,-0.0310000000000001));
#5391=CARTESIAN_POINT('',(-0.157,0.2615,-0.0310000000000001));
#5392=CARTESIAN_POINT('',(-0.177,0.2615,-0.0310000000000001));
#5393=CARTESIAN_POINT('',(-0.189,0.2495,-0.00600000000000001));
#5394=CARTESIAN_POINT('',(-0.189,0.00999999999999997,0.187));
#5395=CARTESIAN_POINT('',(-0.189,0.00999999999999999,0.197));
#5396=CARTESIAN_POINT('',(-0.189,0.2495,0.197));
#5397=CARTESIAN_POINT('',(-0.189,0.2395,0.197));
#5398=CARTESIAN_POINT('',(-0.189,0.2395,0.187));
#5399=CARTESIAN_POINT('',(-0.189,0.2495,-0.00600000000000001));
#5400=CARTESIAN_POINT('',(-0.189,0.152500000000007,-0.00600000000000006));
#5401=CARTESIAN_POINT('',(-0.189,0.1525,-0.00600000000000001));
#5402=CARTESIAN_POINT('',(-0.189,0.1525,0.065));
#5403=CARTESIAN_POINT('',(-0.189,0.2365,-0.019));
#5404=CARTESIAN_POINT('',(-0.189,0.1375,0.08));
#5405=CARTESIAN_POINT('',(-0.189,0.2495,0.08));
#5406=CARTESIAN_POINT('',(-0.189,0.1075,0.08));
#5407=CARTESIAN_POINT('',(-0.189,0.1355,0.108));
#5408=CARTESIAN_POINT('',(-0.189,0.0925,0.065));
#5409=CARTESIAN_POINT('',(-0.189,0.0925,-0.00600000000000001));
#5410=CARTESIAN_POINT('',(-0.189,0.0925000000000023,-0.00600000000000006));
#5411=CARTESIAN_POINT('',(-0.189,0.2495,-0.00600000000000001));
#5412=CARTESIAN_POINT('',(-0.189,0.1645,-0.00600000000000001));
#5413=CARTESIAN_POINT('',(-0.189,0.1645,0.165));
#5414=CARTESIAN_POINT('',(-0.189,0.1645,0.101));
#5415=CARTESIAN_POINT('',(-0.189,0.2495,0.165));
#5416=CARTESIAN_POINT('',(-0.189,0.0835,0.165));
#5417=CARTESIAN_POINT('',(-0.189,0.0835,-0.00600000000000001));
#5418=CARTESIAN_POINT('',(-0.189,0.0835,0.101));
#5419=CARTESIAN_POINT('',(-0.189,0.2495,0.101));
#5420=CARTESIAN_POINT('',(-0.177,0.2495,0.2));
#5421=CARTESIAN_POINT('',(-0.177,0.2495,0.197));
#5422=CARTESIAN_POINT('',(-0.177,0.00999999999999999,0.197));
#5423=CARTESIAN_POINT('',(-0.177,0.2395,0.197));
#5424=CARTESIAN_POINT('',(-0.177,0.00999999999999997,0.187));
#5425=CARTESIAN_POINT('',(-0.177,0.2495,0.00600000000000002));
#5426=CARTESIAN_POINT('',(-0.177,0.0925,0.00600000000000002));
#5427=CARTESIAN_POINT('',(-0.177,0.0925,0.2));
#5428=CARTESIAN_POINT('',(-0.177,0.0925,0.065));
#5429=CARTESIAN_POINT('',(-0.177,0.2385,0.211));
#5430=CARTESIAN_POINT('',(-0.177,0.1075,0.08));
#5431=CARTESIAN_POINT('',(-0.177,0.2495,0.08));
#5432=CARTESIAN_POINT('',(-0.177,0.1375,0.08));
#5433=CARTESIAN_POINT('',(-0.177,0.1335,0.084));
#5434=CARTESIAN_POINT('',(-0.177,0.1525,0.065));
#5435=CARTESIAN_POINT('',(-0.177,0.1525,0.2));
#5436=CARTESIAN_POINT('',(-0.177,0.1525,0.00600000000000002));
#5437=CARTESIAN_POINT('',(-0.177,0.2495,0.00600000000000002));
#5438=CARTESIAN_POINT('',(-0.177,0.2395,0.187));
#5439=CARTESIAN_POINT('',(-0.177,0.1645,0.2));
#5440=CARTESIAN_POINT('',(-0.177,0.1645,0.101));
#5441=CARTESIAN_POINT('',(-0.177,0.1645,0.165));
#5442=CARTESIAN_POINT('',(-0.177,0.2495,0.101));
#5443=CARTESIAN_POINT('',(-0.177,0.0835,0.101));
#5444=CARTESIAN_POINT('',(-0.177,0.0835,0.2));
#5445=CARTESIAN_POINT('',(-0.177,0.0835,0.165));
#5446=CARTESIAN_POINT('',(-0.177,0.2495,0.165));
#5447=CARTESIAN_POINT('',(0.177,0.2495,0.006));
#5448=CARTESIAN_POINT('',(0.177,0.00999999999999997,0.187));
#5449=CARTESIAN_POINT('',(0.177,0.00999999999999999,0.197));
#5450=CARTESIAN_POINT('',(0.177,0.2495,0.197));
#5451=CARTESIAN_POINT('',(0.177,0.2395,0.197));
#5452=CARTESIAN_POINT('',(0.177,0.2395,0.187));
#5453=CARTESIAN_POINT('',(0.177,0.2495,0.006));
#5454=CARTESIAN_POINT('',(0.177,0.1525,0.006));
#5455=CARTESIAN_POINT('',(0.177,0.1525,0.006));
#5456=CARTESIAN_POINT('',(0.177,0.1525,0.065));
#5457=CARTESIAN_POINT('',(0.177,0.2305,-0.013));
#5458=CARTESIAN_POINT('',(0.177,0.1375,0.08));
#5459=CARTESIAN_POINT('',(0.177,0.2495,0.08));
#5460=CARTESIAN_POINT('',(0.177,0.1075,0.08));
#5461=CARTESIAN_POINT('',(0.177,0.1415,0.114));
#5462=CARTESIAN_POINT('',(0.177,0.0925,0.065));
#5463=CARTESIAN_POINT('',(0.177,0.0925,0.006));
#5464=CARTESIAN_POINT('',(0.177,0.0925,0.006));
#5465=CARTESIAN_POINT('',(0.177,0.2495,0.006));
#5466=CARTESIAN_POINT('',(0.177,0.1645,0.006));
#5467=CARTESIAN_POINT('',(0.177,0.1645,0.165));
#5468=CARTESIAN_POINT('',(0.177,0.1645,0.101));
#5469=CARTESIAN_POINT('',(0.177,0.2495,0.165));
#5470=CARTESIAN_POINT('',(0.177,0.0835,0.165));
#5471=CARTESIAN_POINT('',(0.177,0.0835,0.006));
#5472=CARTESIAN_POINT('',(0.177,0.0835,0.101));
#5473=CARTESIAN_POINT('',(0.177,0.2495,0.101));
#5474=CARTESIAN_POINT('',(0.189,0.2495,0.2));
#5475=CARTESIAN_POINT('',(0.189,0.2495,0.197));
#5476=CARTESIAN_POINT('',(0.189,0.00999999999999999,0.197));
#5477=CARTESIAN_POINT('',(0.189,0.2395,0.197));
#5478=CARTESIAN_POINT('',(0.189,0.00999999999999997,0.187));
#5479=CARTESIAN_POINT('',(0.189,0.2495,-0.00600000000000002));
#5480=CARTESIAN_POINT('',(0.189,0.0925,-0.00600000000000004));
#5481=CARTESIAN_POINT('',(0.189,0.0925,0.2));
#5482=CARTESIAN_POINT('',(0.189,0.0925,0.065));
#5483=CARTESIAN_POINT('',(0.189,0.2385,0.211));
#5484=CARTESIAN_POINT('',(0.189,0.1075,0.08));
#5485=CARTESIAN_POINT('',(0.189,0.2495,0.08));
#5486=CARTESIAN_POINT('',(0.189,0.1375,0.08));
#5487=CARTESIAN_POINT('',(0.189,0.1335,0.084));
#5488=CARTESIAN_POINT('',(0.189,0.1525,0.065));
#5489=CARTESIAN_POINT('',(0.189,0.1525,0.2));
#5490=CARTESIAN_POINT('',(0.189,0.1525,-0.00600000000000004));
#5491=CARTESIAN_POINT('',(0.189,0.2495,-0.00600000000000002));
#5492=CARTESIAN_POINT('',(0.189,0.2395,0.187));
#5493=CARTESIAN_POINT('',(0.189,0.1645,0.2));
#5494=CARTESIAN_POINT('',(0.189,0.1645,0.101));
#5495=CARTESIAN_POINT('',(0.189,0.1645,0.165));
#5496=CARTESIAN_POINT('',(0.189,0.2495,0.101));
#5497=CARTESIAN_POINT('',(0.189,0.0835,0.101));
#5498=CARTESIAN_POINT('',(0.189,0.0835,0.2));
#5499=CARTESIAN_POINT('',(0.189,0.0835,0.165));
#5500=CARTESIAN_POINT('',(0.189,0.2495,0.165));
#5501=CARTESIAN_POINT('',(-0.183,0.2495,-0.00600000000000006));
#5502=CARTESIAN_POINT('',(-0.183,0.2495,-0.012));
#5503=CARTESIAN_POINT('',(-0.183,0.152500000000007,-0.012));
#5504=CARTESIAN_POINT('',(-0.183,0.152500000000007,-0.00600000000000006));
#5505=CARTESIAN_POINT('',(0.183,0.2495,-0.00600000000000004));
#5506=CARTESIAN_POINT('',(0.183,0.1525,-0.00600000000000004));
#5507=CARTESIAN_POINT('',(0.183,0.1525,-0.012));
#5508=CARTESIAN_POINT('',(0.183,0.2495,-0.012));
#5509=CARTESIAN_POINT('',(-0.171,0.2495,0.006));
#5510=CARTESIAN_POINT('',(-0.171,0.2495,1.49397937153514E-17));
#5511=CARTESIAN_POINT('',(-0.171,0.0925000000000023,0.));
#5512=CARTESIAN_POINT('',(-0.171,0.0925,0.006));
#5513=CARTESIAN_POINT('',(-0.171,0.2495,0.006));
#5514=CARTESIAN_POINT('',(-0.171,0.1525,0.006));
#5515=CARTESIAN_POINT('',(-0.171,0.1525,1.49397937153514E-17));
#5516=CARTESIAN_POINT('',(-0.171,0.2495,1.49397937153514E-17));
#5517=CARTESIAN_POINT('',(0.171,0.2495,0.00599999999999997));
#5518=CARTESIAN_POINT('',(0.171,0.0925,0.00599999999999997));
#5519=CARTESIAN_POINT('',(0.171,0.0925,1.70740499604016E-17));
#5520=CARTESIAN_POINT('',(0.171,0.2495,0.));
#5521=CARTESIAN_POINT('',(0.171,0.2495,0.00599999999999997));
#5522=CARTESIAN_POINT('',(0.171,0.2495,0.));
#5523=CARTESIAN_POINT('',(0.171,0.1525,0.));
#5524=CARTESIAN_POINT('',(0.171,0.1525,0.00599999999999997));
#5525=CARTESIAN_POINT('',(-0.171,0.2495,0.));
#5526=CARTESIAN_POINT('',(0.177,0.2565,0.));
#5527=CARTESIAN_POINT('',(0.177,0.2565,0.));
#5528=CARTESIAN_POINT('',(0.157,0.2565,0.));
#5529=CARTESIAN_POINT('',(0.157,0.2565,0.));
#5530=CARTESIAN_POINT('',(0.157,0.2495,0.));
#5531=CARTESIAN_POINT('',(0.157,0.2495,0.));
#5532=CARTESIAN_POINT('',(-0.157,0.2495,0.));
#5533=CARTESIAN_POINT('',(-0.157,0.2565,0.));
#5534=CARTESIAN_POINT('',(-0.177,0.2565,0.));
#5535=CARTESIAN_POINT('',(-0.144000000000003,0.152500000000007,0.));
#5536=CARTESIAN_POINT('',(-0.144000000000003,0.152500000000007,0.));
#5537=CARTESIAN_POINT('',(-0.1665,0.122500000000005,0.));
#5538=CARTESIAN_POINT('',(-0.144000000000003,0.0925000000000023,0.));
#5539=CARTESIAN_POINT('',(-0.189,0.0925000000000023,0.));
#5540=CARTESIAN_POINT('',(-0.02,0.,0.));
#5541=CARTESIAN_POINT('',(-0.02,-0.007,0.));
#5542=CARTESIAN_POINT('',(-0.02,-0.007,0.));
#5543=CARTESIAN_POINT('',(0.,-0.007,0.));
#5544=CARTESIAN_POINT('',(0.,0.,0.));
#5545=CARTESIAN_POINT('',(0.144,0.0925,0.));
#5546=CARTESIAN_POINT('',(0.144,0.0925,0.));
#5547=CARTESIAN_POINT('',(0.1665,0.1225,0.));
#5548=CARTESIAN_POINT('',(0.144,0.1525,0.));
#5549=CARTESIAN_POINT('',(0.189,0.1525,0.));
#5550=CARTESIAN_POINT('',(0.177,0.2565,0.));
#5551=CARTESIAN_POINT('',(0.183,0.2495,-0.00600000000000004));
#5552=CARTESIAN_POINT('',(0.183,0.2495,-0.012));
#5553=CARTESIAN_POINT('',(0.183,0.0925,-0.012));
#5554=CARTESIAN_POINT('',(0.183,0.0925,-0.00600000000000004));
#5555=CARTESIAN_POINT('',(0.183,0.2495,-0.012));
#5556=CARTESIAN_POINT('',(-0.094,0.1365,-0.012));
#5557=CARTESIAN_POINT('',(-0.094,0.1365,-0.012));
#5558=CARTESIAN_POINT('',(-0.094,0.1085,-0.012));
#5559=CARTESIAN_POINT('',(0.183,0.1365,-0.012));
#5560=CARTESIAN_POINT('',(-0.106,0.1365,-0.012));
#5561=CARTESIAN_POINT('',(-0.106,0.2495,-0.012));
#5562=CARTESIAN_POINT('',(-0.106,0.1085,-0.012));
#5563=CARTESIAN_POINT('',(0.183,0.1085,-0.012));
#5564=CARTESIAN_POINT('',(0.106,0.2495,-0.012));
#5565=CARTESIAN_POINT('',(0.106,0.1365,-0.012));
#5566=CARTESIAN_POINT('',(0.106,0.1085,-0.012));
#5567=CARTESIAN_POINT('',(0.183,0.1365,-0.012));
#5568=CARTESIAN_POINT('',(0.094,0.1365,-0.012));
#5569=CARTESIAN_POINT('',(0.094,0.1365,-0.012));
#5570=CARTESIAN_POINT('',(0.094,0.1085,-0.012));
#5571=CARTESIAN_POINT('',(0.183,0.1085,-0.012));
#5572=CARTESIAN_POINT('',(-0.1665,0.122500000000005,-0.012));
#5573=CARTESIAN_POINT('',(-0.144000000000003,0.0925000000000023,-0.012));
#5574=CARTESIAN_POINT('',(-0.144000000000003,0.152500000000007,-0.012));
#5575=CARTESIAN_POINT('',(-0.144000000000003,0.152500000000007,-0.012));
#5576=CARTESIAN_POINT('',(0.183,0.2495,-0.012));
#5577=CARTESIAN_POINT('',(0.157,0.2495,-0.012));
#5578=CARTESIAN_POINT('',(0.183,0.2495,-0.012));
#5579=CARTESIAN_POINT('',(0.183,0.1525,-0.012));
#5580=CARTESIAN_POINT('',(0.144,0.1525,-0.012));
#5581=CARTESIAN_POINT('',(0.1665,0.1225,-0.012));
#5582=CARTESIAN_POINT('',(0.144,0.0925,-0.012));
#5583=CARTESIAN_POINT('',(0.144,0.0925,-0.012));
#5584=CARTESIAN_POINT('',(0.183,0.,-0.012));
#5585=CARTESIAN_POINT('',(-0.183,0.2495,-0.012));
#5586=CARTESIAN_POINT('',(-0.183,0.0925000000000023,-0.012));
#5587=CARTESIAN_POINT('',(-0.189,0.0925000000000023,-0.012));
#5588=CARTESIAN_POINT('',(-0.183,0.2495,-0.00600000000000006));
#5589=CARTESIAN_POINT('',(-0.183,0.0925000000000023,-0.00600000000000006));
#5590=CARTESIAN_POINT('',(0.245,0.1525,0.));
#5591=CARTESIAN_POINT('',(0.144,0.1525,-0.012));
#5592=CARTESIAN_POINT('',(0.245,0.1525,0.065));
#5593=CARTESIAN_POINT('',(0.245,0.0925,0.065));
#5594=CARTESIAN_POINT('',(0.245,0.0925,0.065));
#5595=CARTESIAN_POINT('',(0.144,0.0925,-0.012));
#5596=CARTESIAN_POINT('',(0.245,0.1075,0.08));
#5597=CARTESIAN_POINT('',(0.245,0.1075,0.08));
#5598=CARTESIAN_POINT('',(0.245,0.1375,0.08));
#5599=CARTESIAN_POINT('',(0.245,0.1375,0.08));
#5600=CARTESIAN_POINT('',(0.245,0.1525,0.065));
#5601=CARTESIAN_POINT('',(0.245,0.1525,0.065));
#5602=CARTESIAN_POINT('',(0.245,0.1525,0.065));
#5603=CARTESIAN_POINT('',(0.245,0.1375,0.08));
#5604=CARTESIAN_POINT('',(0.245,0.1375,0.08));
#5605=CARTESIAN_POINT('',(0.245,0.1075,0.08));
#5606=CARTESIAN_POINT('',(0.245,0.1075,0.08));
#5607=CARTESIAN_POINT('',(0.245,0.0925,0.065));
#5608=CARTESIAN_POINT('',(0.245,0.0925,0.065));
#5609=CARTESIAN_POINT('',(-0.144000000000003,0.0925000000000023,-0.012));
#5610=CARTESIAN_POINT('',(0.245,0.1525,0.));
#5611=CARTESIAN_POINT('',(-0.144000000000003,0.152500000000007,-0.012));
#5612=CARTESIAN_POINT('',(0.1665,0.1225,-0.012));
#5613=CARTESIAN_POINT('',(-0.1665,0.122500000000005,-0.012));
#5614=CARTESIAN_POINT('',(0.4,0.0835,0.101));
#5615=CARTESIAN_POINT('',(0.4,0.0835,0.101));
#5616=CARTESIAN_POINT('',(0.4,0.1645,0.101));
#5617=CARTESIAN_POINT('',(0.4,0.0835,0.165));
#5618=CARTESIAN_POINT('',(0.4,0.0835,0.165));
#5619=CARTESIAN_POINT('',(0.4,0.1645,0.165));
#5620=CARTESIAN_POINT('',(0.4,0.1645,0.165));
#5621=CARTESIAN_POINT('',(0.4,0.1645,0.101));
#5622=CARTESIAN_POINT('',(0.4,0.1645,0.101));
#5623=CARTESIAN_POINT('',(0.4,0.1645,0.101));
#5624=CARTESIAN_POINT('',(0.4,0.1645,0.165));
#5625=CARTESIAN_POINT('',(0.4,0.1645,0.165));
#5626=CARTESIAN_POINT('',(0.4,0.0835,0.165));
#5627=CARTESIAN_POINT('',(0.4,0.0835,0.165));
#5628=CARTESIAN_POINT('',(0.4,0.0835,0.101));
#5629=CARTESIAN_POINT('',(0.4,0.0835,0.101));
#5630=CARTESIAN_POINT('',(-0.02,0.,-0.031));
#5631=CARTESIAN_POINT('',(0.,0.,-0.031));
#5632=CARTESIAN_POINT('',(0.,0.,-0.031));
#5633=CARTESIAN_POINT('',(-0.02,0.,-0.031));
#5634=CARTESIAN_POINT('',(-0.02,0.,-0.031));
#5635=CARTESIAN_POINT('',(-0.02,0.,-0.031));
#5636=CARTESIAN_POINT('',(-0.02,-0.007,-0.005));
#5637=CARTESIAN_POINT('',(0.,-0.007,-0.005));
#5638=CARTESIAN_POINT('',(0.,-0.012,-0.005));
#5639=CARTESIAN_POINT('',(-0.02,-0.007,-0.005));
#5640=CARTESIAN_POINT('',(-0.02,-0.012,-0.005));
#5641=CARTESIAN_POINT('',(-0.02,-0.012,-0.005));
#5642=CARTESIAN_POINT('',(-0.02,-0.012,-0.005));
#5643=CARTESIAN_POINT('',(0.,-0.012,-0.005));
#5644=CARTESIAN_POINT('',(0.,-0.012,-0.031));
#5645=CARTESIAN_POINT('',(-0.02,-0.012,-0.005));
#5646=CARTESIAN_POINT('',(-0.02,-0.012,-0.031));
#5647=CARTESIAN_POINT('',(-0.02,-0.012,-0.031));
#5648=CARTESIAN_POINT('',(-0.02,-0.012,-0.031));
#5649=CARTESIAN_POINT('',(0.,-0.012,-0.031));
#5650=CARTESIAN_POINT('',(-0.02,-0.012,-0.031));
#5651=CARTESIAN_POINT('',(-0.02,-0.007,-0.005));
#5652=CARTESIAN_POINT('',(0.,-0.007,-0.005));
#5653=CARTESIAN_POINT('',(0.177,0.2495,0.));
#5654=CARTESIAN_POINT('',(0.157,0.2495,0.));
#5655=CARTESIAN_POINT('',(0.157,0.2495,-0.0310000000000001));
#5656=CARTESIAN_POINT('',(0.177,0.2495,-0.0310000000000001));
#5657=CARTESIAN_POINT('',(0.177,0.2495,-0.0310000000000001));
#5658=CARTESIAN_POINT('',(0.177,0.2495,0.));
#5659=CARTESIAN_POINT('',(0.177,0.2565,-0.00499999999999999));
#5660=CARTESIAN_POINT('',(0.177,0.2615,-0.00500000000000001));
#5661=CARTESIAN_POINT('',(0.177,0.2615,-0.00500000000000001));
#5662=CARTESIAN_POINT('',(0.157,0.2615,-0.00500000000000001));
#5663=CARTESIAN_POINT('',(0.157,0.2565,-0.00499999999999999));
#5664=CARTESIAN_POINT('',(0.177,0.2565,-0.00499999999999999));
#5665=CARTESIAN_POINT('',(0.177,0.2495,-0.0310000000000001));
#5666=CARTESIAN_POINT('',(0.157,0.2495,-0.0310000000000001));
#5667=CARTESIAN_POINT('',(0.157,0.2615,-0.0310000000000001));
#5668=CARTESIAN_POINT('',(0.177,0.2615,-0.0310000000000001));
#5669=CARTESIAN_POINT('',(0.177,0.2615,-0.0310000000000001));
#5670=CARTESIAN_POINT('',(0.177,0.2495,-0.0310000000000001));
#5671=CARTESIAN_POINT('',(0.177,0.2615,-0.0310000000000001));
#5672=CARTESIAN_POINT('',(0.157,0.2615,-0.0310000000000001));
#5673=CARTESIAN_POINT('',(0.177,0.2615,-0.0310000000000001));
#5674=CARTESIAN_POINT('',(0.177,0.2565,-0.00499999999999999));
#5675=CARTESIAN_POINT('',(-0.177,0.2565,-0.00499999999999999));
#5676=CARTESIAN_POINT('',(0.157,0.2495,0.));
#5677=CARTESIAN_POINT('',(-0.157,0.2495,0.));
#5678=CARTESIAN_POINT('',(0.157,0.2495,0.));
#5679=CARTESIAN_POINT('',(0.157,0.2565,-0.00499999999999999));
#5680=CARTESIAN_POINT('',(-0.157,0.2565,-0.00499999999999999));
#5681=CARTESIAN_POINT('',(0.4,0.00999999999999997,0.187));
#5682=CARTESIAN_POINT('',(0.4,0.00999999999999999,0.197));
#5683=CARTESIAN_POINT('',(0.4,0.2395,0.187));
#5684=CARTESIAN_POINT('',(0.4,0.2395,0.197));
#5685=CARTESIAN_POINT('',(0.4,0.01,0.197));
#5686=CARTESIAN_POINT('',(0.4,0.01,0.197));
#5687=CARTESIAN_POINT('',(0.4,0.00999999999999999,0.197));
#5688=CARTESIAN_POINT('',(0.4,0.2395,0.197));
#5689=CARTESIAN_POINT('',(0.4,0.2395,0.187));
#5690=CARTESIAN_POINT('',(0.4,0.00999999999999997,0.187));
#5691=CARTESIAN_POINT('',(-0.0980000000000013,0.1365,-0.0513511637456548));
#5692=CARTESIAN_POINT('',(-0.0980000000000013,0.1085,-0.0513511637456548));
#5693=CARTESIAN_POINT('',(-0.094,0.1085,-0.051351163745655));
#5694=CARTESIAN_POINT('',(-0.0942009545340367,0.1085,-0.0526030637207103));
#5695=CARTESIAN_POINT('',(-0.0942009545340367,0.1365,-0.0526030637207103));
#5696=CARTESIAN_POINT('',(-0.0942009545340367,0.1365,-0.0526030637207103));
#5697=CARTESIAN_POINT('',(-0.0980000000000013,0.1365,-0.0513511637456548));
#5698=CARTESIAN_POINT('',(-0.094,0.1365,-0.051351163745655));
#5699=CARTESIAN_POINT('',(-0.094,0.1365,-0.051351163745655));
#5700=CARTESIAN_POINT('',(-0.00347500000000038,0.1365,-0.0825));
#5701=CARTESIAN_POINT('',(-0.00347500000000038,0.1085,-0.0825));
#5702=CARTESIAN_POINT('',(-0.0942009545340367,0.1085,-0.11239693627929));
#5703=CARTESIAN_POINT('',(-0.0942009545340367,0.1365,-0.11239693627929));
#5704=CARTESIAN_POINT('',(-0.0942009545340367,0.1365,-0.11239693627929));
#5705=CARTESIAN_POINT('',(-0.00347500000000038,0.1365,-0.0825));
#5706=CARTESIAN_POINT('',(-0.0980000000000013,0.1365,-0.113648836254345));
#5707=CARTESIAN_POINT('',(-0.0980000000000013,0.1085,-0.113648836254345));
#5708=CARTESIAN_POINT('',(-0.094,0.1085,-0.113648836254345));
#5709=CARTESIAN_POINT('',(-0.094,0.1365,-0.113648836254345));
#5710=CARTESIAN_POINT('',(-0.094,0.1365,-0.113648836254345));
#5711=CARTESIAN_POINT('',(-0.0980000000000013,0.1365,-0.113648836254345));
#5712=CARTESIAN_POINT('',(-0.094,0.1365,-0.113648836254345));
#5713=CARTESIAN_POINT('',(-0.094,0.1085,-0.113648836254345));
#5714=CARTESIAN_POINT('',(-0.094,0.1085,-0.139));
#5715=CARTESIAN_POINT('',(-0.094,0.1225,-0.139));
#5716=CARTESIAN_POINT('',(-0.0939999999999997,0.1365,-0.139));
#5717=CARTESIAN_POINT('',(-0.094,0.1365,-0.113648836254345));
#5718=CARTESIAN_POINT('',(-0.106,0.1365,-0.153));
#5719=CARTESIAN_POINT('',(-0.106,0.1365,-0.153));
#5720=CARTESIAN_POINT('',(-0.106,0.1365,-0.139));
#5721=CARTESIAN_POINT('',(-0.106,0.1365,-0.113648836254345));
#5722=CARTESIAN_POINT('',(-0.106,0.1225,-0.139));
#5723=CARTESIAN_POINT('',(-0.106,0.1085,-0.139));
#5724=CARTESIAN_POINT('',(-0.106,0.1085,-0.153));
#5725=CARTESIAN_POINT('',(-0.106,0.1085,-0.113648836254345));
#5726=CARTESIAN_POINT('',(-0.106,0.1365,-0.113648836254345));
#5727=CARTESIAN_POINT('',(-0.11,0.1365,-0.113648836254345));
#5728=CARTESIAN_POINT('',(-0.11,0.1085,-0.113648836254345));
#5729=CARTESIAN_POINT('',(-0.106200954534037,0.1085,-0.11239693627929));
#5730=CARTESIAN_POINT('',(-0.106200954534037,0.1365,-0.11239693627929));
#5731=CARTESIAN_POINT('',(-0.106200954534037,0.1365,-0.11239693627929));
#5732=CARTESIAN_POINT('',(-0.11,0.1365,-0.113648836254345));
#5733=CARTESIAN_POINT('',(-0.0154750000000001,0.1365,-0.0825));
#5734=CARTESIAN_POINT('',(-0.0154750000000001,0.1085,-0.0825));
#5735=CARTESIAN_POINT('',(-0.106200954534037,0.1085,-0.0526030637207103));
#5736=CARTESIAN_POINT('',(-0.106200954534037,0.1365,-0.0526030637207103));
#5737=CARTESIAN_POINT('',(-0.106200954534037,0.1365,-0.0526030637207103));
#5738=CARTESIAN_POINT('',(-0.0154750000000001,0.1365,-0.0825));
#5739=CARTESIAN_POINT('',(-0.11,0.1365,-0.051351163745655));
#5740=CARTESIAN_POINT('',(-0.11,0.1085,-0.051351163745655));
#5741=CARTESIAN_POINT('',(-0.106,0.1085,-0.0513511637456549));
#5742=CARTESIAN_POINT('',(-0.106,0.1365,-0.0513511637456549));
#5743=CARTESIAN_POINT('',(-0.106,0.1365,-0.0513511637456549));
#5744=CARTESIAN_POINT('',(-0.11,0.1365,-0.051351163745655));
#5745=CARTESIAN_POINT('',(-0.11,0.1365,-0.113648836254345));
#5746=CARTESIAN_POINT('',(0.3,0.1365,-0.139));
#5747=CARTESIAN_POINT('',(-0.106,0.1365,-0.0513511637456549));
#5748=CARTESIAN_POINT('',(-0.094,0.1365,-0.012));
#5749=CARTESIAN_POINT('',(-0.11,0.1085,-0.113648836254345));
#5750=CARTESIAN_POINT('',(0.3,0.1085,-0.139));
#5751=CARTESIAN_POINT('',(-0.094,0.1085,-0.012));
#5752=CARTESIAN_POINT('',(-0.106,0.1085,-0.0513511637456549));
#5753=CARTESIAN_POINT('',(-0.106,0.1365,-0.0513511637456549));
#5754=CARTESIAN_POINT('',(-0.094,0.1365,-0.012));
#5755=CARTESIAN_POINT('',(0.106,0.1365,-0.002));
#5756=CARTESIAN_POINT('',(0.106,0.1365,-0.002));
#5757=CARTESIAN_POINT('',(0.106,0.1365,-0.051351163745655));
#5758=CARTESIAN_POINT('',(0.106,0.1085,-0.002));
#5759=CARTESIAN_POINT('',(0.106,0.1085,-0.051351163745655));
#5760=CARTESIAN_POINT('',(0.106,0.1365,-0.051351163745655));
#5761=CARTESIAN_POINT('',(-0.11,0.1365,-0.113648836254345));
#5762=CARTESIAN_POINT('',(0.3,0.1365,-0.139));
#5763=CARTESIAN_POINT('',(0.106,0.1365,-0.139));
#5764=CARTESIAN_POINT('',(0.0940000000000001,0.1365,-0.139));
#5765=CARTESIAN_POINT('',(0.0940000000000001,0.1365,-0.153));
#5766=CARTESIAN_POINT('',(0.0940000000000001,0.1365,-0.113648836254345));
#5767=CARTESIAN_POINT('',(0.0980000000000005,0.1365,-0.113648836254345));
#5768=CARTESIAN_POINT('',(0.0942009543014507,0.1365,-0.112396936985101));
#5769=CARTESIAN_POINT('',(0.00347500000000018,0.1365,-0.0825));
#5770=CARTESIAN_POINT('',(0.0942009545340367,0.1365,-0.0526030637207103));
#5771=CARTESIAN_POINT('',(0.0980000000000001,0.1365,-0.0513511637456552));
#5772=CARTESIAN_POINT('',(0.0940000000000001,0.1365,-0.051351163745655));
#5773=CARTESIAN_POINT('',(0.0940000000000001,0.1365,-0.051351163745655));
#5774=CARTESIAN_POINT('',(0.110000000000001,0.1365,-0.0513511637456548));
#5775=CARTESIAN_POINT('',(0.106200954534037,0.1365,-0.0526030637207103));
#5776=CARTESIAN_POINT('',(0.0154750000000003,0.1365,-0.0825000000000001));
#5777=CARTESIAN_POINT('',(0.106200954534037,0.1365,-0.11239693627929));
#5778=CARTESIAN_POINT('',(0.11,0.1365,-0.113648836254345));
#5779=CARTESIAN_POINT('',(0.106,0.1365,-0.113648836254345));
#5780=CARTESIAN_POINT('',(0.106,0.1365,-0.113648836254345));
#5781=CARTESIAN_POINT('',(-0.11,0.1085,-0.113648836254345));
#5782=CARTESIAN_POINT('',(0.0940000000000001,0.1085,-0.153));
#5783=CARTESIAN_POINT('',(0.0940000000000001,0.1085,-0.139));
#5784=CARTESIAN_POINT('',(0.0940000000000001,0.1085,-0.113648836254345));
#5785=CARTESIAN_POINT('',(0.3,0.1085,-0.139));
#5786=CARTESIAN_POINT('',(0.106,0.1085,-0.139));
#5787=CARTESIAN_POINT('',(0.106,0.1085,-0.113648836254345));
#5788=CARTESIAN_POINT('',(0.106,0.1085,-0.113648836254345));
#5789=CARTESIAN_POINT('',(0.11,0.1085,-0.113648836254345));
#5790=CARTESIAN_POINT('',(0.106200954534037,0.1085,-0.11239693627929));
#5791=CARTESIAN_POINT('',(0.0154750000000003,0.1085,-0.0825000000000001));
#5792=CARTESIAN_POINT('',(0.106200954534037,0.1085,-0.0526030637207103));
#5793=CARTESIAN_POINT('',(0.110000000000001,0.1085,-0.0513511637456548));
#5794=CARTESIAN_POINT('',(0.0940000000000001,0.1085,-0.051351163745655));
#5795=CARTESIAN_POINT('',(0.0940000000000001,0.1085,-0.051351163745655));
#5796=CARTESIAN_POINT('',(0.0980000000000001,0.1085,-0.0513511637456552));
#5797=CARTESIAN_POINT('',(0.0942009545340367,0.1085,-0.0526030637207103));
#5798=CARTESIAN_POINT('',(0.00347500000000018,0.1085,-0.0825));
#5799=CARTESIAN_POINT('',(0.0942009543014507,0.1085,-0.112396936985101));
#5800=CARTESIAN_POINT('',(0.0980000000000005,0.1085,-0.113648836254345));
#5801=CARTESIAN_POINT('',(0.0940000000000001,0.1365,-0.051351163745655));
#5802=CARTESIAN_POINT('',(0.0940000000000001,0.1365,-0.051351163745655));
#5803=CARTESIAN_POINT('',(0.0980000000000001,0.1365,-0.0513511637456552));
#5804=CARTESIAN_POINT('',(0.0942009545340367,0.1365,-0.0526030637207103));
#5805=CARTESIAN_POINT('',(0.00347500000000018,0.1365,-0.0825));
#5806=CARTESIAN_POINT('',(0.0942009543014507,0.1365,-0.112396936985101));
#5807=CARTESIAN_POINT('',(0.0980000000000005,0.1365,-0.113648836254345));
#5808=CARTESIAN_POINT('',(0.0940000000000001,0.1365,-0.113648836254345));
#5809=CARTESIAN_POINT('',(0.0940000000000001,0.1365,-0.153));
#5810=CARTESIAN_POINT('',(0.0940000000000001,0.1225,-0.139));
#5811=CARTESIAN_POINT('',(0.106,0.1365,-0.113648836254345));
#5812=CARTESIAN_POINT('',(0.106,0.1225,-0.139));
#5813=CARTESIAN_POINT('',(0.106,0.1365,-0.113648836254345));
#5814=CARTESIAN_POINT('',(0.11,0.1365,-0.113648836254345));
#5815=CARTESIAN_POINT('',(0.106200954534037,0.1365,-0.11239693627929));
#5816=CARTESIAN_POINT('',(0.0154750000000003,0.1365,-0.0825000000000001));
#5817=CARTESIAN_POINT('',(0.106200954534037,0.1365,-0.0526030637207103));
#5818=CARTESIAN_POINT('',(0.110000000000001,0.1365,-0.0513511637456548));
#5819=CARTESIAN_POINT('',(0.3,0.1225,-0.139));
#5820=CARTESIAN_POINT('',(0.3,0.1225,-0.139));
#5821=CARTESIAN_POINT('',(0.,-0.101,-0.2915));
#5822=CARTESIAN_POINT('',(0.064,0.001,-0.12));
#5823=CARTESIAN_POINT('',(0.064,0.,-0.12));
#5824=CARTESIAN_POINT('',(0.064,0.,-0.12));
#5825=CARTESIAN_POINT('',(-0.056,0.,-0.12));
#5826=CARTESIAN_POINT('',(-0.056,0.001,-0.12));
#5827=CARTESIAN_POINT('',(-0.056,0.001,-0.12));
#5828=CARTESIAN_POINT('',(0.064,0.001,-0.12));
#5829=CARTESIAN_POINT('',(0.064,0.001,-0.12));
#5830=CARTESIAN_POINT('',(0.064,0.001,-0.12));
#5831=CARTESIAN_POINT('',(-0.056,0.001,-0.12));
#5832=CARTESIAN_POINT('',(-0.056,0.,-0.12));
#5833=CARTESIAN_POINT('',(-0.056,0.,0.12));
#5834=CARTESIAN_POINT('',(-0.056,0.001,0.12));
#5835=CARTESIAN_POINT('',(-0.056,0.001,0.12));
#5836=CARTESIAN_POINT('',(-0.056,0.001,-0.12));
#5837=CARTESIAN_POINT('',(-0.056,0.001,0.12));
#5838=CARTESIAN_POINT('',(-0.056,0.,0.12));
#5839=CARTESIAN_POINT('',(0.064,0.,0.12));
#5840=CARTESIAN_POINT('',(0.064,0.001,0.12));
#5841=CARTESIAN_POINT('',(0.064,0.001,0.12));
#5842=CARTESIAN_POINT('',(-0.056,0.001,0.12));
#5843=CARTESIAN_POINT('',(0.064,0.001,0.12));
#5844=CARTESIAN_POINT('',(0.064,0.,0.12));
#5845=CARTESIAN_POINT('',(0.064,0.001,0.12));
#5846=CARTESIAN_POINT('',(0.,0.001,0.));
#5847=CARTESIAN_POINT('',(0.,0.,0.));
#5848=CARTESIAN_POINT('',(0.039,0.,0.1));
#5849=CARTESIAN_POINT('',(0.051,0.,0.1));
#5850=CARTESIAN_POINT('',(0.039,0.,-0.1));
#5851=CARTESIAN_POINT('',(0.051,0.,-0.1));
#5852=CARTESIAN_POINT('',(0.039,-0.06,-0.1));
#5853=CARTESIAN_POINT('',(0.039,-0.06,-0.1));
#5854=CARTESIAN_POINT('',(0.039,-0.06,-0.112));
#5855=CARTESIAN_POINT('',(0.063,-0.06,-0.1));
#5856=CARTESIAN_POINT('',(0.063,-0.084,-0.1));
#5857=CARTESIAN_POINT('',(0.063,-0.084,-0.112));
#5858=CARTESIAN_POINT('',(0.063,-0.084,-0.1));
#5859=CARTESIAN_POINT('',(0.253,-0.084,-0.1));
#5860=CARTESIAN_POINT('',(0.253,-0.084,-0.112));
#5861=CARTESIAN_POINT('',(0.253,-0.084,-0.1));
#5862=CARTESIAN_POINT('',(0.039,-0.06,0.1));
#5863=CARTESIAN_POINT('',(0.039,-0.06,0.1));
#5864=CARTESIAN_POINT('',(0.039,-0.06,0.088));
#5865=CARTESIAN_POINT('',(0.063,-0.06,0.1));
#5866=CARTESIAN_POINT('',(0.063,-0.084,0.1));
#5867=CARTESIAN_POINT('',(0.063,-0.084,0.088));
#5868=CARTESIAN_POINT('',(0.063,-0.084,0.1));
#5869=CARTESIAN_POINT('',(0.253,-0.084,0.1));
#5870=CARTESIAN_POINT('',(0.253,-0.084,0.088));
#5871=CARTESIAN_POINT('',(0.253,-0.084,0.1));
#5872=CARTESIAN_POINT('',(-2.44929359829471E-18,-0.001,-0.285));
#5873=MECHANICAL_DESIGN_GEOMETRIC_PRESENTATION_REPRESENTATION('',(#3569,
#3570,#3571,#3572,#3573),#5874);
#5874=(
GEOMETRIC_REPRESENTATION_CONTEXT(3)
GLOBAL_UNCERTAINTY_ASSIGNED_CONTEXT((#5880))
GLOBAL_UNIT_ASSIGNED_CONTEXT((#5888,#5887,#5886))
REPRESENTATION_CONTEXT('AB11AH-HC','TOP_LEVEL_ASSEMBLY_PART')
);
#5875=(
GEOMETRIC_REPRESENTATION_CONTEXT(3)
GLOBAL_UNCERTAINTY_ASSIGNED_CONTEXT((#5881))
GLOBAL_UNIT_ASSIGNED_CONTEXT((#5888,#5887,#5886))
REPRESENTATION_CONTEXT('AB11H-body','COMPONENT_PART')
);
#5876=(
GEOMETRIC_REPRESENTATION_CONTEXT(3)
GLOBAL_UNCERTAINTY_ASSIGNED_CONTEXT((#5882))
GLOBAL_UNIT_ASSIGNED_CONTEXT((#5888,#5887,#5886))
REPRESENTATION_CONTEXT('AB11A-plungers','COMPONENT_PART')
);
#5877=(
GEOMETRIC_REPRESENTATION_CONTEXT(3)
GLOBAL_UNCERTAINTY_ASSIGNED_CONTEXT((#5883))
GLOBAL_UNIT_ASSIGNED_CONTEXT((#5888,#5887,#5886))
REPRESENTATION_CONTEXT('AB1AP-HC-caps','COMPONENT_PART')
);
#5878=(
GEOMETRIC_REPRESENTATION_CONTEXT(3)
GLOBAL_UNCERTAINTY_ASSIGNED_CONTEXT((#5884))
GLOBAL_UNIT_ASSIGNED_CONTEXT((#5888,#5887,#5886))
REPRESENTATION_CONTEXT('AB1H-bracket_ra','COMPONENT_PART')
);
#5879=(
GEOMETRIC_REPRESENTATION_CONTEXT(3)
GLOBAL_UNCERTAINTY_ASSIGNED_CONTEXT((#5885))
GLOBAL_UNIT_ASSIGNED_CONTEXT((#5888,#5887,#5886))
REPRESENTATION_CONTEXT('AB11H-terminals','COMPONENT_PART')
);
#5880=UNCERTAINTY_MEASURE_WITH_UNIT(LENGTH_MEASURE(0.000196850393700787),
#5888,'DISTANCE_ACCURACY_VALUE','Maximum Tolerance applied to model');
#5881=UNCERTAINTY_MEASURE_WITH_UNIT(LENGTH_MEASURE(0.000196850393700787),
#5888,'DISTANCE_ACCURACY_VALUE','Maximum Tolerance applied to model');
#5882=UNCERTAINTY_MEASURE_WITH_UNIT(LENGTH_MEASURE(0.000196850393700787),
#5888,'DISTANCE_ACCURACY_VALUE','Maximum Tolerance applied to model');
#5883=UNCERTAINTY_MEASURE_WITH_UNIT(LENGTH_MEASURE(0.000196850393700787),
#5888,'DISTANCE_ACCURACY_VALUE','Maximum Tolerance applied to model');
#5884=UNCERTAINTY_MEASURE_WITH_UNIT(LENGTH_MEASURE(0.000196850393700787),
#5888,'DISTANCE_ACCURACY_VALUE','Maximum Tolerance applied to model');
#5885=UNCERTAINTY_MEASURE_WITH_UNIT(LENGTH_MEASURE(0.000196850393700787),
#5888,'DISTANCE_ACCURACY_VALUE','Maximum Tolerance applied to model');
#5886=(
NAMED_UNIT(*)
SI_UNIT($,.STERADIAN.)
SOLID_ANGLE_UNIT()
);
#5887=(
NAMED_UNIT(*)
PLANE_ANGLE_UNIT()
SI_UNIT($,.RADIAN.)
);
#5888=(
CONVERSION_BASED_UNIT('INCH',#5890)
LENGTH_UNIT()
NAMED_UNIT(#5889)
);
#5889=DIMENSIONAL_EXPONENTS(1.,0.,0.,0.,0.,0.,0.);
#5890=LENGTH_MEASURE_WITH_UNIT(LENGTH_MEASURE(25.4),#5891);
#5891=(
LENGTH_UNIT()
NAMED_UNIT(*)
SI_UNIT(.MILLI.,.METRE.)
);
#5892=PRODUCT_DEFINITION_SHAPE('','',#5903);
#5893=PRODUCT_DEFINITION_SHAPE('','',#5904);
#5894=PRODUCT_DEFINITION_SHAPE(' ','NAUO PRDDFN',#147);
#5895=PRODUCT_DEFINITION_SHAPE('','',#5905);
#5896=PRODUCT_DEFINITION_SHAPE(' ','NAUO PRDDFN',#148);
#5897=PRODUCT_DEFINITION_SHAPE('','',#5906);
#5898=PRODUCT_DEFINITION_SHAPE(' ','NAUO PRDDFN',#149);
#5899=PRODUCT_DEFINITION_SHAPE('','',#5907);
#5900=PRODUCT_DEFINITION_SHAPE(' ','NAUO PRDDFN',#150);
#5901=PRODUCT_DEFINITION_SHAPE('','',#5908);
#5902=PRODUCT_DEFINITION_SHAPE(' ','NAUO PRDDFN',#151);
#5903=PRODUCT_DEFINITION('','',#5915,#5909);
#5904=PRODUCT_DEFINITION('','',#5916,#5910);
#5905=PRODUCT_DEFINITION('','',#5917,#5911);
#5906=PRODUCT_DEFINITION('','',#5918,#5912);
#5907=PRODUCT_DEFINITION('','',#5919,#5913);
#5908=PRODUCT_DEFINITION('','',#5920,#5914);
#5909=PRODUCT_DEFINITION_CONTEXT('',#5946,'design');
#5910=PRODUCT_DEFINITION_CONTEXT('',#5946,'design');
#5911=PRODUCT_DEFINITION_CONTEXT('',#5946,'design');
#5912=PRODUCT_DEFINITION_CONTEXT('',#5946,'design');
#5913=PRODUCT_DEFINITION_CONTEXT('',#5946,'design');
#5914=PRODUCT_DEFINITION_CONTEXT('',#5946,'design');
#5915=PRODUCT_DEFINITION_FORMATION_WITH_SPECIFIED_SOURCE('','',#5927,
 .NOT_KNOWN.);
#5916=PRODUCT_DEFINITION_FORMATION_WITH_SPECIFIED_SOURCE('','',#5928,
 .NOT_KNOWN.);
#5917=PRODUCT_DEFINITION_FORMATION_WITH_SPECIFIED_SOURCE('','',#5929,
 .NOT_KNOWN.);
#5918=PRODUCT_DEFINITION_FORMATION_WITH_SPECIFIED_SOURCE('','',#5930,
 .NOT_KNOWN.);
#5919=PRODUCT_DEFINITION_FORMATION_WITH_SPECIFIED_SOURCE('','',#5931,
 .NOT_KNOWN.);
#5920=PRODUCT_DEFINITION_FORMATION_WITH_SPECIFIED_SOURCE('','',#5932,
 .NOT_KNOWN.);
#5921=PRODUCT_RELATED_PRODUCT_CATEGORY('','',(#5927));
#5922=PRODUCT_RELATED_PRODUCT_CATEGORY('','',(#5928));
#5923=PRODUCT_RELATED_PRODUCT_CATEGORY('','',(#5929));
#5924=PRODUCT_RELATED_PRODUCT_CATEGORY('','',(#5930));
#5925=PRODUCT_RELATED_PRODUCT_CATEGORY('','',(#5931));
#5926=PRODUCT_RELATED_PRODUCT_CATEGORY('','',(#5932));
#5927=PRODUCT('AB11AH-HC','AB11AH-HC','AB11AH-HC',(#5939));
#5928=PRODUCT('AB11H-body','AB11H-body','AB11H-body',(#5940));
#5929=PRODUCT('AB11A-plungers','AB11A-plungers','AB11A-plungers',(#5941));
#5930=PRODUCT('AB1AP-HC-caps','AB1AP-HC-caps','AB1AP-HC-caps',(#5942));
#5931=PRODUCT('AB1H-bracket_ra','AB1H-bracket_ra','AB1H-bracket_ra',(#5943));
#5932=PRODUCT('AB11H-terminals','AB11H-terminals','AB11H-terminals',(#5944));
#5933=PRODUCT_CATEGORY('','');
#5934=PRODUCT_CATEGORY('','');
#5935=PRODUCT_CATEGORY('','');
#5936=PRODUCT_CATEGORY('','');
#5937=PRODUCT_CATEGORY('','');
#5938=PRODUCT_CATEGORY('','');
#5939=PRODUCT_CONTEXT('',#5946,'mechanical');
#5940=PRODUCT_CONTEXT('',#5946,'mechanical');
#5941=PRODUCT_CONTEXT('',#5946,'mechanical');
#5942=PRODUCT_CONTEXT('',#5946,'mechanical');
#5943=PRODUCT_CONTEXT('',#5946,'mechanical');
#5944=PRODUCT_CONTEXT('',#5946,'mechanical');
#5945=APPLICATION_PROTOCOL_DEFINITION('international standard',
'automotive_design',2010,#5946);
#5946=APPLICATION_CONTEXT(
'core data for automotive mechanical design processes');
ENDSEC;
END-ISO-10303-21;
